--
-- PostgreSQL database dump
--

-- Dumped from database version 15.2
-- Dumped by pg_dump version 15.2

SET statement_timeout = 0;
SET lock_timeout = 0;
SET idle_in_transaction_session_timeout = 0;
SET client_encoding = 'UTF8';
SET standard_conforming_strings = on;
SELECT pg_catalog.set_config('search_path', '', false);
SET check_function_bodies = false;
SET xmloption = content;
SET client_min_messages = warning;
SET row_security = off;

--
-- Name: postgis; Type: EXTENSION; Schema: -; Owner: -
--

-- CREATE EXTENSION IF NOT EXISTS postgis WITH SCHEMA public;


--
-- Name: EXTENSION postgis; Type: COMMENT; Schema: -; Owner: 
--

-- COMMENT ON EXTENSION postgis IS 'PostGIS geometry and geography spatial types and functions';


SET default_tablespace = '';

SET default_table_access_method = heap;

--
-- Name: auth_group; Type: TABLE; Schema: public; Owner: postgres
--

CREATE TABLE public.auth_group (
    id integer NOT NULL,
    name character varying(150) NOT NULL
);


ALTER TABLE public.auth_group OWNER TO postgres;

--
-- Name: auth_group_id_seq; Type: SEQUENCE; Schema: public; Owner: postgres
--

ALTER TABLE public.auth_group ALTER COLUMN id ADD GENERATED BY DEFAULT AS IDENTITY (
    SEQUENCE NAME public.auth_group_id_seq
    START WITH 1
    INCREMENT BY 1
    NO MINVALUE
    NO MAXVALUE
    CACHE 1
);


--
-- Name: auth_group_permissions; Type: TABLE; Schema: public; Owner: postgres
--

CREATE TABLE public.auth_group_permissions (
    id bigint NOT NULL,
    group_id integer NOT NULL,
    permission_id integer NOT NULL
);


ALTER TABLE public.auth_group_permissions OWNER TO postgres;

--
-- Name: auth_group_permissions_id_seq; Type: SEQUENCE; Schema: public; Owner: postgres
--

ALTER TABLE public.auth_group_permissions ALTER COLUMN id ADD GENERATED BY DEFAULT AS IDENTITY (
    SEQUENCE NAME public.auth_group_permissions_id_seq
    START WITH 1
    INCREMENT BY 1
    NO MINVALUE
    NO MAXVALUE
    CACHE 1
);


--
-- Name: auth_permission; Type: TABLE; Schema: public; Owner: postgres
--

CREATE TABLE public.auth_permission (
    id integer NOT NULL,
    name character varying(255) NOT NULL,
    content_type_id integer NOT NULL,
    codename character varying(100) NOT NULL
);


ALTER TABLE public.auth_permission OWNER TO postgres;

--
-- Name: auth_permission_id_seq; Type: SEQUENCE; Schema: public; Owner: postgres
--

ALTER TABLE public.auth_permission ALTER COLUMN id ADD GENERATED BY DEFAULT AS IDENTITY (
    SEQUENCE NAME public.auth_permission_id_seq
    START WITH 1
    INCREMENT BY 1
    NO MINVALUE
    NO MAXVALUE
    CACHE 1
);


--
-- Name: booking_booking; Type: TABLE; Schema: public; Owner: postgres
--

CREATE TABLE public.booking_booking (
    id bigint NOT NULL,
    date_booked timestamp with time zone NOT NULL,
    start_date date NOT NULL,
    end_date date NOT NULL,
    num_adults integer NOT NULL,
    num_infants integer,
    num_children integer,
    package_id bigint NOT NULL,
    payment_id bigint,
    phone_number character varying(10) NOT NULL,
    coupon_id bigint,
    booking_code uuid NOT NULL,
    user_id bigint NOT NULL,
    status character varying(254) NOT NULL,
    CONSTRAINT booking_booking_num_adults_check CHECK ((num_adults >= 0)),
    CONSTRAINT booking_booking_num_children_check CHECK ((num_children >= 0)),
    CONSTRAINT booking_booking_num_infants_check CHECK ((num_infants >= 0))
);


ALTER TABLE public.booking_booking OWNER TO postgres;

--
-- Name: booking_booking_id_seq; Type: SEQUENCE; Schema: public; Owner: postgres
--

ALTER TABLE public.booking_booking ALTER COLUMN id ADD GENERATED BY DEFAULT AS IDENTITY (
    SEQUENCE NAME public.booking_booking_id_seq
    START WITH 1
    INCREMENT BY 1
    NO MINVALUE
    NO MAXVALUE
    CACHE 1
);


--
-- Name: booking_payment; Type: TABLE; Schema: public; Owner: postgres
--

CREATE TABLE public.booking_payment (
    id bigint NOT NULL,
    razorpay_payment_id character varying(36) NOT NULL,
    razorpay_order_id character varying(40) NOT NULL,
    razorpay_signature character varying(128) NOT NULL,
    amount double precision NOT NULL,
    status character varying(254) NOT NULL,
    created_at timestamp with time zone NOT NULL,
    user_id bigint NOT NULL
);


ALTER TABLE public.booking_payment OWNER TO postgres;

--
-- Name: booking_payment_id_seq; Type: SEQUENCE; Schema: public; Owner: postgres
--

ALTER TABLE public.booking_payment ALTER COLUMN id ADD GENERATED BY DEFAULT AS IDENTITY (
    SEQUENCE NAME public.booking_payment_id_seq
    START WITH 1
    INCREMENT BY 1
    NO MINVALUE
    NO MAXVALUE
    CACHE 1
);


--
-- Name: django_admin_log; Type: TABLE; Schema: public; Owner: postgres
--

CREATE TABLE public.django_admin_log (
    id integer NOT NULL,
    action_time timestamp with time zone NOT NULL,
    object_id text,
    object_repr character varying(200) NOT NULL,
    action_flag smallint NOT NULL,
    change_message text NOT NULL,
    content_type_id integer,
    user_id bigint NOT NULL,
    CONSTRAINT django_admin_log_action_flag_check CHECK ((action_flag >= 0))
);


ALTER TABLE public.django_admin_log OWNER TO postgres;

--
-- Name: django_admin_log_id_seq; Type: SEQUENCE; Schema: public; Owner: postgres
--

ALTER TABLE public.django_admin_log ALTER COLUMN id ADD GENERATED BY DEFAULT AS IDENTITY (
    SEQUENCE NAME public.django_admin_log_id_seq
    START WITH 1
    INCREMENT BY 1
    NO MINVALUE
    NO MAXVALUE
    CACHE 1
);


--
-- Name: django_content_type; Type: TABLE; Schema: public; Owner: postgres
--

CREATE TABLE public.django_content_type (
    id integer NOT NULL,
    app_label character varying(100) NOT NULL,
    model character varying(100) NOT NULL
);


ALTER TABLE public.django_content_type OWNER TO postgres;

--
-- Name: django_content_type_id_seq; Type: SEQUENCE; Schema: public; Owner: postgres
--

ALTER TABLE public.django_content_type ALTER COLUMN id ADD GENERATED BY DEFAULT AS IDENTITY (
    SEQUENCE NAME public.django_content_type_id_seq
    START WITH 1
    INCREMENT BY 1
    NO MINVALUE
    NO MAXVALUE
    CACHE 1
);


--
-- Name: django_migrations; Type: TABLE; Schema: public; Owner: postgres
--

CREATE TABLE public.django_migrations (
    id bigint NOT NULL,
    app character varying(255) NOT NULL,
    name character varying(255) NOT NULL,
    applied timestamp with time zone NOT NULL
);


ALTER TABLE public.django_migrations OWNER TO postgres;

--
-- Name: django_migrations_id_seq; Type: SEQUENCE; Schema: public; Owner: postgres
--

ALTER TABLE public.django_migrations ALTER COLUMN id ADD GENERATED BY DEFAULT AS IDENTITY (
    SEQUENCE NAME public.django_migrations_id_seq
    START WITH 1
    INCREMENT BY 1
    NO MINVALUE
    NO MAXVALUE
    CACHE 1
);


--
-- Name: django_session; Type: TABLE; Schema: public; Owner: postgres
--

CREATE TABLE public.django_session (
    session_key character varying(40) NOT NULL,
    session_data text NOT NULL,
    expire_date timestamp with time zone NOT NULL
);


ALTER TABLE public.django_session OWNER TO postgres;

--
-- Name: home_video; Type: TABLE; Schema: public; Owner: postgres
--

CREATE TABLE public.home_video (
    id bigint NOT NULL,
    title character varying(100) NOT NULL,
    link character varying(200) NOT NULL,
    thumbnail character varying(100) NOT NULL
);


ALTER TABLE public.home_video OWNER TO postgres;

--
-- Name: home_video_id_seq; Type: SEQUENCE; Schema: public; Owner: postgres
--

ALTER TABLE public.home_video ALTER COLUMN id ADD GENERATED BY DEFAULT AS IDENTITY (
    SEQUENCE NAME public.home_video_id_seq
    START WITH 1
    INCREMENT BY 1
    NO MINVALUE
    NO MAXVALUE
    CACHE 1
);


--
-- Name: oauth2_provider_accesstoken; Type: TABLE; Schema: public; Owner: postgres
--

CREATE TABLE public.oauth2_provider_accesstoken (
    id bigint NOT NULL,
    token character varying(255) NOT NULL,
    expires timestamp with time zone NOT NULL,
    scope text NOT NULL,
    application_id bigint,
    user_id bigint,
    created timestamp with time zone NOT NULL,
    updated timestamp with time zone NOT NULL,
    source_refresh_token_id bigint,
    id_token_id bigint
);


ALTER TABLE public.oauth2_provider_accesstoken OWNER TO postgres;

--
-- Name: oauth2_provider_accesstoken_id_seq; Type: SEQUENCE; Schema: public; Owner: postgres
--

ALTER TABLE public.oauth2_provider_accesstoken ALTER COLUMN id ADD GENERATED BY DEFAULT AS IDENTITY (
    SEQUENCE NAME public.oauth2_provider_accesstoken_id_seq
    START WITH 1
    INCREMENT BY 1
    NO MINVALUE
    NO MAXVALUE
    CACHE 1
);


--
-- Name: oauth2_provider_application; Type: TABLE; Schema: public; Owner: postgres
--

CREATE TABLE public.oauth2_provider_application (
    id bigint NOT NULL,
    client_id character varying(100) NOT NULL,
    redirect_uris text NOT NULL,
    client_type character varying(32) NOT NULL,
    authorization_grant_type character varying(32) NOT NULL,
    client_secret character varying(255) NOT NULL,
    name character varying(255) NOT NULL,
    user_id bigint,
    skip_authorization boolean NOT NULL,
    created timestamp with time zone NOT NULL,
    updated timestamp with time zone NOT NULL,
    algorithm character varying(5) NOT NULL
);


ALTER TABLE public.oauth2_provider_application OWNER TO postgres;

--
-- Name: oauth2_provider_application_id_seq; Type: SEQUENCE; Schema: public; Owner: postgres
--

ALTER TABLE public.oauth2_provider_application ALTER COLUMN id ADD GENERATED BY DEFAULT AS IDENTITY (
    SEQUENCE NAME public.oauth2_provider_application_id_seq
    START WITH 1
    INCREMENT BY 1
    NO MINVALUE
    NO MAXVALUE
    CACHE 1
);


--
-- Name: oauth2_provider_grant; Type: TABLE; Schema: public; Owner: postgres
--

CREATE TABLE public.oauth2_provider_grant (
    id bigint NOT NULL,
    code character varying(255) NOT NULL,
    expires timestamp with time zone NOT NULL,
    redirect_uri text NOT NULL,
    scope text NOT NULL,
    application_id bigint NOT NULL,
    user_id bigint NOT NULL,
    created timestamp with time zone NOT NULL,
    updated timestamp with time zone NOT NULL,
    code_challenge character varying(128) NOT NULL,
    code_challenge_method character varying(10) NOT NULL,
    nonce character varying(255) NOT NULL,
    claims text NOT NULL
);


ALTER TABLE public.oauth2_provider_grant OWNER TO postgres;

--
-- Name: oauth2_provider_grant_id_seq; Type: SEQUENCE; Schema: public; Owner: postgres
--

ALTER TABLE public.oauth2_provider_grant ALTER COLUMN id ADD GENERATED BY DEFAULT AS IDENTITY (
    SEQUENCE NAME public.oauth2_provider_grant_id_seq
    START WITH 1
    INCREMENT BY 1
    NO MINVALUE
    NO MAXVALUE
    CACHE 1
);


--
-- Name: oauth2_provider_idtoken; Type: TABLE; Schema: public; Owner: postgres
--

CREATE TABLE public.oauth2_provider_idtoken (
    id bigint NOT NULL,
    jti uuid NOT NULL,
    expires timestamp with time zone NOT NULL,
    scope text NOT NULL,
    created timestamp with time zone NOT NULL,
    updated timestamp with time zone NOT NULL,
    application_id bigint,
    user_id bigint
);


ALTER TABLE public.oauth2_provider_idtoken OWNER TO postgres;

--
-- Name: oauth2_provider_idtoken_id_seq; Type: SEQUENCE; Schema: public; Owner: postgres
--

ALTER TABLE public.oauth2_provider_idtoken ALTER COLUMN id ADD GENERATED BY DEFAULT AS IDENTITY (
    SEQUENCE NAME public.oauth2_provider_idtoken_id_seq
    START WITH 1
    INCREMENT BY 1
    NO MINVALUE
    NO MAXVALUE
    CACHE 1
);


--
-- Name: oauth2_provider_refreshtoken; Type: TABLE; Schema: public; Owner: postgres
--

CREATE TABLE public.oauth2_provider_refreshtoken (
    id bigint NOT NULL,
    token character varying(255) NOT NULL,
    access_token_id bigint,
    application_id bigint NOT NULL,
    user_id bigint NOT NULL,
    created timestamp with time zone NOT NULL,
    updated timestamp with time zone NOT NULL,
    revoked timestamp with time zone
);


ALTER TABLE public.oauth2_provider_refreshtoken OWNER TO postgres;

--
-- Name: oauth2_provider_refreshtoken_id_seq; Type: SEQUENCE; Schema: public; Owner: postgres
--

ALTER TABLE public.oauth2_provider_refreshtoken ALTER COLUMN id ADD GENERATED BY DEFAULT AS IDENTITY (
    SEQUENCE NAME public.oauth2_provider_refreshtoken_id_seq
    START WITH 1
    INCREMENT BY 1
    NO MINVALUE
    NO MAXVALUE
    CACHE 1
);


--
-- Name: packages_itinerary; Type: TABLE; Schema: public; Owner: postgres
--

CREATE TABLE public.packages_itinerary (
    id bigint NOT NULL,
    day integer NOT NULL,
    activity text NOT NULL,
    package_id bigint NOT NULL
);


ALTER TABLE public.packages_itinerary OWNER TO postgres;

--
-- Name: packages_itinerary_id_seq; Type: SEQUENCE; Schema: public; Owner: postgres
--

ALTER TABLE public.packages_itinerary ALTER COLUMN id ADD GENERATED BY DEFAULT AS IDENTITY (
    SEQUENCE NAME public.packages_itinerary_id_seq
    START WITH 1
    INCREMENT BY 1
    NO MINVALUE
    NO MAXVALUE
    CACHE 1
);


--
-- Name: packages_package; Type: TABLE; Schema: public; Owner: postgres
--

CREATE TABLE public.packages_package (
    id bigint NOT NULL,
    name character varying(255) NOT NULL,
    category character varying(255) NOT NULL,
    places character varying(255)[] NOT NULL,
    duration character varying(255) NOT NULL,
    inclusions text[] NOT NULL,
    exclusions text[] NOT NULL,
    average_rating double precision,
    total_reviews integer,
    main_place character varying(255) NOT NULL,
    discount_percent integer NOT NULL,
    price integer NOT NULL,
    type character varying(255),
    location text,
    is_active boolean NOT NULL,
    itinerary_pdf character varying(100),
    CONSTRAINT packages_package_discount_percent_check CHECK ((discount_percent >= 0))
);


ALTER TABLE public.packages_package OWNER TO postgres;

--
-- Name: packages_package_id_seq; Type: SEQUENCE; Schema: public; Owner: postgres
--

ALTER TABLE public.packages_package ALTER COLUMN id ADD GENERATED BY DEFAULT AS IDENTITY (
    SEQUENCE NAME public.packages_package_id_seq
    START WITH 1
    INCREMENT BY 1
    NO MINVALUE
    NO MAXVALUE
    CACHE 1
);


--
-- Name: packages_packageimage; Type: TABLE; Schema: public; Owner: postgres
--

CREATE TABLE public.packages_packageimage (
    id bigint NOT NULL,
    image character varying(100) NOT NULL,
    package_id bigint NOT NULL
);


ALTER TABLE public.packages_packageimage OWNER TO postgres;

--
-- Name: packages_packageimage_id_seq; Type: SEQUENCE; Schema: public; Owner: postgres
--

ALTER TABLE public.packages_packageimage ALTER COLUMN id ADD GENERATED BY DEFAULT AS IDENTITY (
    SEQUENCE NAME public.packages_packageimage_id_seq
    START WITH 1
    INCREMENT BY 1
    NO MINVALUE
    NO MAXVALUE
    CACHE 1
);


--
-- Name: packages_review; Type: TABLE; Schema: public; Owner: postgres
--

CREATE TABLE public.packages_review (
    id bigint NOT NULL,
    review_text text NOT NULL,
    rating integer NOT NULL,
    package_id bigint NOT NULL,
    user_id bigint NOT NULL,
    created_at date NOT NULL,
    CONSTRAINT packages_review_rating_7057d48f_check CHECK ((rating >= 0))
);


ALTER TABLE public.packages_review OWNER TO postgres;

--
-- Name: packages_review_id_seq; Type: SEQUENCE; Schema: public; Owner: postgres
--

ALTER TABLE public.packages_review ALTER COLUMN id ADD GENERATED BY DEFAULT AS IDENTITY (
    SEQUENCE NAME public.packages_review_id_seq
    START WITH 1
    INCREMENT BY 1
    NO MINVALUE
    NO MAXVALUE
    CACHE 1
);


--
-- Name: packages_wishlist; Type: TABLE; Schema: public; Owner: postgres
--

CREATE TABLE public.packages_wishlist (
    id bigint NOT NULL,
    added_at timestamp with time zone NOT NULL,
    is_active boolean NOT NULL,
    user_id bigint NOT NULL
);


ALTER TABLE public.packages_wishlist OWNER TO postgres;

--
-- Name: packages_wishlist_id_seq; Type: SEQUENCE; Schema: public; Owner: postgres
--

ALTER TABLE public.packages_wishlist ALTER COLUMN id ADD GENERATED BY DEFAULT AS IDENTITY (
    SEQUENCE NAME public.packages_wishlist_id_seq
    START WITH 1
    INCREMENT BY 1
    NO MINVALUE
    NO MAXVALUE
    CACHE 1
);


--
-- Name: packages_wishlist_packages; Type: TABLE; Schema: public; Owner: postgres
--

CREATE TABLE public.packages_wishlist_packages (
    id bigint NOT NULL,
    wishlist_id bigint NOT NULL,
    package_id bigint NOT NULL
);


ALTER TABLE public.packages_wishlist_packages OWNER TO postgres;

--
-- Name: packages_wishlist_packages_id_seq; Type: SEQUENCE; Schema: public; Owner: postgres
--

ALTER TABLE public.packages_wishlist_packages ALTER COLUMN id ADD GENERATED BY DEFAULT AS IDENTITY (
    SEQUENCE NAME public.packages_wishlist_packages_id_seq
    START WITH 1
    INCREMENT BY 1
    NO MINVALUE
    NO MAXVALUE
    CACHE 1
);


--
-- Name: social_auth_association; Type: TABLE; Schema: public; Owner: postgres
--

CREATE TABLE public.social_auth_association (
    id integer NOT NULL,
    server_url character varying(255) NOT NULL,
    handle character varying(255) NOT NULL,
    secret character varying(255) NOT NULL,
    issued integer NOT NULL,
    lifetime integer NOT NULL,
    assoc_type character varying(64) NOT NULL
);


ALTER TABLE public.social_auth_association OWNER TO postgres;

--
-- Name: social_auth_association_id_seq; Type: SEQUENCE; Schema: public; Owner: postgres
--

ALTER TABLE public.social_auth_association ALTER COLUMN id ADD GENERATED BY DEFAULT AS IDENTITY (
    SEQUENCE NAME public.social_auth_association_id_seq
    START WITH 1
    INCREMENT BY 1
    NO MINVALUE
    NO MAXVALUE
    CACHE 1
);


--
-- Name: social_auth_code; Type: TABLE; Schema: public; Owner: postgres
--

CREATE TABLE public.social_auth_code (
    id integer NOT NULL,
    email character varying(254) NOT NULL,
    code character varying(32) NOT NULL,
    verified boolean NOT NULL,
    "timestamp" timestamp with time zone NOT NULL
);


ALTER TABLE public.social_auth_code OWNER TO postgres;

--
-- Name: social_auth_code_id_seq; Type: SEQUENCE; Schema: public; Owner: postgres
--

ALTER TABLE public.social_auth_code ALTER COLUMN id ADD GENERATED BY DEFAULT AS IDENTITY (
    SEQUENCE NAME public.social_auth_code_id_seq
    START WITH 1
    INCREMENT BY 1
    NO MINVALUE
    NO MAXVALUE
    CACHE 1
);


--
-- Name: social_auth_nonce; Type: TABLE; Schema: public; Owner: postgres
--

CREATE TABLE public.social_auth_nonce (
    id integer NOT NULL,
    server_url character varying(255) NOT NULL,
    "timestamp" integer NOT NULL,
    salt character varying(65) NOT NULL
);


ALTER TABLE public.social_auth_nonce OWNER TO postgres;

--
-- Name: social_auth_nonce_id_seq; Type: SEQUENCE; Schema: public; Owner: postgres
--

ALTER TABLE public.social_auth_nonce ALTER COLUMN id ADD GENERATED BY DEFAULT AS IDENTITY (
    SEQUENCE NAME public.social_auth_nonce_id_seq
    START WITH 1
    INCREMENT BY 1
    NO MINVALUE
    NO MAXVALUE
    CACHE 1
);


--
-- Name: social_auth_partial; Type: TABLE; Schema: public; Owner: postgres
--

CREATE TABLE public.social_auth_partial (
    id integer NOT NULL,
    token character varying(32) NOT NULL,
    next_step smallint NOT NULL,
    backend character varying(32) NOT NULL,
    data text NOT NULL,
    "timestamp" timestamp with time zone NOT NULL,
    CONSTRAINT social_auth_partial_next_step_check CHECK ((next_step >= 0))
);


ALTER TABLE public.social_auth_partial OWNER TO postgres;

--
-- Name: social_auth_partial_id_seq; Type: SEQUENCE; Schema: public; Owner: postgres
--

ALTER TABLE public.social_auth_partial ALTER COLUMN id ADD GENERATED BY DEFAULT AS IDENTITY (
    SEQUENCE NAME public.social_auth_partial_id_seq
    START WITH 1
    INCREMENT BY 1
    NO MINVALUE
    NO MAXVALUE
    CACHE 1
);


--
-- Name: social_auth_usersocialauth; Type: TABLE; Schema: public; Owner: postgres
--

CREATE TABLE public.social_auth_usersocialauth (
    id integer NOT NULL,
    provider character varying(32) NOT NULL,
    uid character varying(255) NOT NULL,
    extra_data text NOT NULL,
    user_id bigint NOT NULL,
    created timestamp with time zone NOT NULL,
    modified timestamp with time zone NOT NULL
);


ALTER TABLE public.social_auth_usersocialauth OWNER TO postgres;

--
-- Name: social_auth_usersocialauth_id_seq; Type: SEQUENCE; Schema: public; Owner: postgres
--

ALTER TABLE public.social_auth_usersocialauth ALTER COLUMN id ADD GENERATED BY DEFAULT AS IDENTITY (
    SEQUENCE NAME public.social_auth_usersocialauth_id_seq
    START WITH 1
    INCREMENT BY 1
    NO MINVALUE
    NO MAXVALUE
    CACHE 1
);


--
-- Name: users_account; Type: TABLE; Schema: public; Owner: postgres
--

CREATE TABLE public.users_account (
    id bigint NOT NULL,
    password character varying(128) NOT NULL,
    first_name character varying(50) NOT NULL,
    last_name character varying(50) NOT NULL,
    email character varying(100) NOT NULL,
    phone_number character varying(10) NOT NULL,
    date_jointed timestamp with time zone NOT NULL,
    last_login timestamp with time zone NOT NULL,
    is_admin boolean NOT NULL,
    is_staff boolean NOT NULL,
    is_active boolean NOT NULL,
    is_superadmin boolean NOT NULL,
    otp integer,
    is_superuser boolean NOT NULL,
    is_verified boolean NOT NULL,
    address text,
    gender character varying(1) NOT NULL,
    profile_image character varying(100)
);


ALTER TABLE public.users_account OWNER TO postgres;

--
-- Name: users_account_groups; Type: TABLE; Schema: public; Owner: postgres
--

CREATE TABLE public.users_account_groups (
    id bigint NOT NULL,
    account_id bigint NOT NULL,
    group_id integer NOT NULL
);


ALTER TABLE public.users_account_groups OWNER TO postgres;

--
-- Name: users_account_groups_id_seq; Type: SEQUENCE; Schema: public; Owner: postgres
--

ALTER TABLE public.users_account_groups ALTER COLUMN id ADD GENERATED BY DEFAULT AS IDENTITY (
    SEQUENCE NAME public.users_account_groups_id_seq
    START WITH 1
    INCREMENT BY 1
    NO MINVALUE
    NO MAXVALUE
    CACHE 1
);


--
-- Name: users_account_id_seq; Type: SEQUENCE; Schema: public; Owner: postgres
--

ALTER TABLE public.users_account ALTER COLUMN id ADD GENERATED BY DEFAULT AS IDENTITY (
    SEQUENCE NAME public.users_account_id_seq
    START WITH 1
    INCREMENT BY 1
    NO MINVALUE
    NO MAXVALUE
    CACHE 1
);


--
-- Name: users_account_user_permissions; Type: TABLE; Schema: public; Owner: postgres
--

CREATE TABLE public.users_account_user_permissions (
    id bigint NOT NULL,
    account_id bigint NOT NULL,
    permission_id integer NOT NULL
);


ALTER TABLE public.users_account_user_permissions OWNER TO postgres;

--
-- Name: users_account_user_permissions_id_seq; Type: SEQUENCE; Schema: public; Owner: postgres
--

ALTER TABLE public.users_account_user_permissions ALTER COLUMN id ADD GENERATED BY DEFAULT AS IDENTITY (
    SEQUENCE NAME public.users_account_user_permissions_id_seq
    START WITH 1
    INCREMENT BY 1
    NO MINVALUE
    NO MAXVALUE
    CACHE 1
);


--
-- Name: utilities_contact; Type: TABLE; Schema: public; Owner: postgres
--

CREATE TABLE public.utilities_contact (
    id bigint NOT NULL,
    name character varying(255) NOT NULL,
    email character varying(255) NOT NULL,
    message text NOT NULL
);


ALTER TABLE public.utilities_contact OWNER TO postgres;

--
-- Name: utilities_contact_id_seq; Type: SEQUENCE; Schema: public; Owner: postgres
--

ALTER TABLE public.utilities_contact ALTER COLUMN id ADD GENERATED BY DEFAULT AS IDENTITY (
    SEQUENCE NAME public.utilities_contact_id_seq
    START WITH 1
    INCREMENT BY 1
    NO MINVALUE
    NO MAXVALUE
    CACHE 1
);


--
-- Name: utilities_coupon; Type: TABLE; Schema: public; Owner: postgres
--

CREATE TABLE public.utilities_coupon (
    id bigint NOT NULL,
    code character varying(50) NOT NULL,
    coupon_name character varying(255) NOT NULL,
    discount_price integer NOT NULL,
    expiration_date timestamp with time zone NOT NULL,
    is_active boolean NOT NULL
);


ALTER TABLE public.utilities_coupon OWNER TO postgres;

--
-- Name: utilities_coupon_id_seq; Type: SEQUENCE; Schema: public; Owner: postgres
--

ALTER TABLE public.utilities_coupon ALTER COLUMN id ADD GENERATED BY DEFAULT AS IDENTITY (
    SEQUENCE NAME public.utilities_coupon_id_seq
    START WITH 1
    INCREMENT BY 1
    NO MINVALUE
    NO MAXVALUE
    CACHE 1
);


--
-- Name: utilities_couponassignment; Type: TABLE; Schema: public; Owner: postgres
--

CREATE TABLE public.utilities_couponassignment (
    id bigint NOT NULL,
    assigned_at timestamp with time zone NOT NULL,
    coupon_id bigint NOT NULL,
    user_id bigint NOT NULL
);


ALTER TABLE public.utilities_couponassignment OWNER TO postgres;

--
-- Name: utilities_couponassignment_id_seq; Type: SEQUENCE; Schema: public; Owner: postgres
--

ALTER TABLE public.utilities_couponassignment ALTER COLUMN id ADD GENERATED BY DEFAULT AS IDENTITY (
    SEQUENCE NAME public.utilities_couponassignment_id_seq
    START WITH 1
    INCREMENT BY 1
    NO MINVALUE
    NO MAXVALUE
    CACHE 1
);


--
-- Name: utilities_enquiry; Type: TABLE; Schema: public; Owner: postgres
--

CREATE TABLE public.utilities_enquiry (
    id bigint NOT NULL,
    client_name character varying(50) NOT NULL,
    client_phone character varying(12) NOT NULL,
    client_message text NOT NULL,
    checked boolean NOT NULL
);


ALTER TABLE public.utilities_enquiry OWNER TO postgres;

--
-- Name: utilities_enquiry_id_seq; Type: SEQUENCE; Schema: public; Owner: postgres
--

ALTER TABLE public.utilities_enquiry ALTER COLUMN id ADD GENERATED BY DEFAULT AS IDENTITY (
    SEQUENCE NAME public.utilities_enquiry_id_seq
    START WITH 1
    INCREMENT BY 1
    NO MINVALUE
    NO MAXVALUE
    CACHE 1
);


--
-- Name: utilities_testimonial; Type: TABLE; Schema: public; Owner: postgres
--

CREATE TABLE public.utilities_testimonial (
    id bigint NOT NULL,
    client_name character varying(255) NOT NULL,
    client_place character varying(255) NOT NULL,
    client_image character varying(100) NOT NULL,
    content text NOT NULL
);


ALTER TABLE public.utilities_testimonial OWNER TO postgres;

--
-- Name: utilities_testimonial_id_seq; Type: SEQUENCE; Schema: public; Owner: postgres
--

ALTER TABLE public.utilities_testimonial ALTER COLUMN id ADD GENERATED BY DEFAULT AS IDENTITY (
    SEQUENCE NAME public.utilities_testimonial_id_seq
    START WITH 1
    INCREMENT BY 1
    NO MINVALUE
    NO MAXVALUE
    CACHE 1
);


--
-- Data for Name: auth_group; Type: TABLE DATA; Schema: public; Owner: postgres
--

COPY public.auth_group (id, name) FROM stdin;
\.


--
-- Data for Name: auth_group_permissions; Type: TABLE DATA; Schema: public; Owner: postgres
--

COPY public.auth_group_permissions (id, group_id, permission_id) FROM stdin;
\.


--
-- Data for Name: auth_permission; Type: TABLE DATA; Schema: public; Owner: postgres
--

COPY public.auth_permission (id, name, content_type_id, codename) FROM stdin;
1	Can add log entry	1	add_logentry
2	Can change log entry	1	change_logentry
3	Can delete log entry	1	delete_logentry
4	Can view log entry	1	view_logentry
5	Can add permission	2	add_permission
6	Can change permission	2	change_permission
7	Can delete permission	2	delete_permission
8	Can view permission	2	view_permission
9	Can add group	3	add_group
10	Can change group	3	change_group
11	Can delete group	3	delete_group
12	Can view group	3	view_group
13	Can add content type	4	add_contenttype
14	Can change content type	4	change_contenttype
15	Can delete content type	4	delete_contenttype
16	Can view content type	4	view_contenttype
17	Can add session	5	add_session
18	Can change session	5	change_session
19	Can delete session	5	delete_session
20	Can view session	5	view_session
21	Can add application	6	add_application
22	Can change application	6	change_application
23	Can delete application	6	delete_application
24	Can view application	6	view_application
25	Can add access token	7	add_accesstoken
26	Can change access token	7	change_accesstoken
27	Can delete access token	7	delete_accesstoken
28	Can view access token	7	view_accesstoken
29	Can add grant	8	add_grant
30	Can change grant	8	change_grant
31	Can delete grant	8	delete_grant
32	Can view grant	8	view_grant
33	Can add refresh token	9	add_refreshtoken
34	Can change refresh token	9	change_refreshtoken
35	Can delete refresh token	9	delete_refreshtoken
36	Can view refresh token	9	view_refreshtoken
37	Can add id token	10	add_idtoken
38	Can change id token	10	change_idtoken
39	Can delete id token	10	delete_idtoken
40	Can view id token	10	view_idtoken
41	Can add association	11	add_association
42	Can change association	11	change_association
43	Can delete association	11	delete_association
44	Can view association	11	view_association
45	Can add code	12	add_code
46	Can change code	12	change_code
47	Can delete code	12	delete_code
48	Can view code	12	view_code
49	Can add nonce	13	add_nonce
50	Can change nonce	13	change_nonce
51	Can delete nonce	13	delete_nonce
52	Can view nonce	13	view_nonce
53	Can add user social auth	14	add_usersocialauth
54	Can change user social auth	14	change_usersocialauth
55	Can delete user social auth	14	delete_usersocialauth
56	Can view user social auth	14	view_usersocialauth
57	Can add partial	15	add_partial
58	Can change partial	15	change_partial
59	Can delete partial	15	delete_partial
60	Can view partial	15	view_partial
61	Can add account	16	add_account
62	Can change account	16	change_account
63	Can delete account	16	delete_account
64	Can view account	16	view_account
65	Can add enquiry	17	add_enquiry
66	Can change enquiry	17	change_enquiry
67	Can delete enquiry	17	delete_enquiry
68	Can view enquiry	17	view_enquiry
69	Can add review	18	add_review
70	Can change review	18	change_review
71	Can delete review	18	delete_review
72	Can view review	18	view_review
73	Can add package	19	add_package
74	Can change package	19	change_package
75	Can delete package	19	delete_package
76	Can view package	19	view_package
77	Can add itinerary	20	add_itinerary
78	Can change itinerary	20	change_itinerary
79	Can delete itinerary	20	delete_itinerary
80	Can view itinerary	20	view_itinerary
81	Can add package image	21	add_packageimage
82	Can change package image	21	change_packageimage
83	Can delete package image	21	delete_packageimage
84	Can view package image	21	view_packageimage
85	Can add video	22	add_video
86	Can change video	22	change_video
87	Can delete video	22	delete_video
88	Can view video	22	view_video
89	Can add testimonial	23	add_testimonial
90	Can change testimonial	23	change_testimonial
91	Can delete testimonial	23	delete_testimonial
92	Can view testimonial	23	view_testimonial
93	Can add contact	24	add_contact
94	Can change contact	24	change_contact
95	Can delete contact	24	delete_contact
96	Can view contact	24	view_contact
97	Can add wishlist	25	add_wishlist
98	Can change wishlist	25	change_wishlist
99	Can delete wishlist	25	delete_wishlist
100	Can view wishlist	25	view_wishlist
101	Can add coupon	26	add_coupon
102	Can change coupon	26	change_coupon
103	Can delete coupon	26	delete_coupon
104	Can view coupon	26	view_coupon
105	Can add booking	27	add_booking
106	Can change booking	27	change_booking
107	Can delete booking	27	delete_booking
108	Can view booking	27	view_booking
109	Can add coupon assignment	28	add_couponassignment
110	Can change coupon assignment	28	change_couponassignment
111	Can delete coupon assignment	28	delete_couponassignment
112	Can view coupon assignment	28	view_couponassignment
113	Can add coupon assignment	29	add_couponassignment
114	Can change coupon assignment	29	change_couponassignment
115	Can delete coupon assignment	29	delete_couponassignment
116	Can view coupon assignment	29	view_couponassignment
117	Can add coupon	30	add_coupon
118	Can change coupon	30	change_coupon
119	Can delete coupon	30	delete_coupon
120	Can view coupon	30	view_coupon
121	Can add payment	31	add_payment
122	Can change payment	31	change_payment
123	Can delete payment	31	delete_payment
124	Can view payment	31	view_payment
\.


--
-- Data for Name: booking_booking; Type: TABLE DATA; Schema: public; Owner: postgres
--

COPY public.booking_booking (id, date_booked, start_date, end_date, num_adults, num_infants, num_children, package_id, payment_id, phone_number, coupon_id, booking_code, user_id, status) FROM stdin;
144	2023-04-29 12:06:35.976178+05:30	2023-04-29	2023-05-03	1	1	1	17	419	7034725948	6	3139d51d-e807-43cd-9f0f-bbfc5287e1dd	19	Cancelled
143	2023-04-29 12:04:57.802484+05:30	2023-04-29	2023-05-04	1	1	1	13	418	7034725948	6	56bbb4d8-7341-4423-8ad5-dd5539a09038	19	Cancelled
148	2023-04-29 12:11:35.007374+05:30	2023-04-29	2023-05-04	1	1	1	8	423	7034725948	\N	76c1f568-e82d-4881-bf48-87e4732abd7b	19	Cancelled
147	2023-04-29 12:10:18.692394+05:30	2023-04-29	2023-05-04	1	1	1	13	422	7034725948	6	d89d271d-ce39-4698-9e29-db172809707b	19	Cancelled
146	2023-04-29 12:09:01.397191+05:30	2023-04-29	2023-05-04	1	1	1	6	421	7034725948	\N	f44d34e7-0f93-4cdf-a730-038c45e1f8eb	19	Cancelled
145	2023-04-29 12:08:21.813886+05:30	2023-04-29	2023-05-04	1	1	1	18	420	7034725948	6	03abd8e8-75f5-411d-a992-d17c773dc1d3	19	Cancelled
142	2023-04-29 12:04:20.950732+05:30	2023-04-29	2023-05-04	1	1	1	5	417	7034725948	6	d39f7ae0-469b-4d8c-a113-278ccf19989d	19	Cancelled
150	2023-04-29 14:08:05.800875+05:30	2023-04-29	2023-05-04	1	1	1	10	425	7034725948	\N	2c4058f4-a8e4-44b2-94ad-f89dc97c7035	19	Cancelled
149	2023-04-29 12:54:31.817388+05:30	2023-04-29	2023-05-04	1	1	1	3	424	7034725948	7	8533a65a-2077-4289-895d-2fd696fadc7f	19	Cancelled
152	2023-04-29 15:42:49.515828+05:30	2023-04-29	2023-05-04	1	1	1	9	427	7034725948	\N	68b8fc42-9b4e-47f4-b52d-46abffd1858c	19	Cancelled
153	2023-04-29 15:49:15.39486+05:30	2023-04-29	2023-05-04	3	1	2	6	428	7034725948	7	48436c92-b6aa-44dd-99a4-1bbda8f130f7	19	Success
151	2023-04-29 15:40:07.079038+05:30	2023-04-29	2023-05-03	1	1	1	17	426	7034725948	7	9b8ae47c-fc98-4488-b5d2-1d61b53b5f89	19	Cancelled
154	2023-04-29 18:01:01.271653+05:30	2023-04-29	2023-05-03	1	1	1	17	429	7034725948	\N	3570ccdb-1a38-443c-9133-c235c912620d	19	Success
155	2023-04-29 18:02:34.782645+05:30	2023-04-29	2023-05-04	1	1	1	9	430	7034725948	7	efa8f652-89e5-40c8-bdd2-3d31b52c912f	19	Success
156	2023-04-29 18:03:37.031168+05:30	2023-04-29	2023-05-04	1	1	1	4	431	7034725948	\N	72ff3805-8bf5-469d-9e8e-4798ec0f8d5b	19	Success
157	2023-04-29 18:07:04.953111+05:30	2023-04-29	2023-05-04	1	1	1	3	432	7034725948	7	bdc3b472-6c89-40c1-8985-fb24283efd61	19	Success
158	2023-04-29 18:08:37.744264+05:30	2023-04-29	2023-05-04	1	1	1	7	434	7034725948	\N	3145c386-e9d5-4edf-8032-b917ddd29b5e	19	Success
159	2023-04-29 18:09:54.80801+05:30	2023-04-29	2023-05-04	3	5	3	5	435	7034725948	7	c9a4f200-26a9-48b8-b071-e2ed2a4a7b76	19	Success
160	2023-04-29 18:12:11.71785+05:30	2023-04-29	2023-05-04	3	5	3	11	436	7034725948	\N	9315acc6-73c0-4ab3-ba37-01b1a4d528d7	19	Success
161	2023-04-29 18:13:52.694797+05:30	2023-04-29	2023-05-04	3	5	3	11	437	7034725948	7	af72bfa1-5db2-4a61-83b4-d8d13b9e9e41	19	Success
162	2023-04-29 18:15:28.222615+05:30	2023-04-29	2023-05-04	3	5	3	8	438	7034725948	\N	862ba14d-81f2-4c67-a48c-fb62394ad117	19	Success
163	2023-04-29 18:19:14.275407+05:30	2023-04-29	2023-05-03	1	1	1	17	440	7034725948	7	4074de1d-3ea3-4a50-9561-0ec096418546	19	Success
164	2023-04-29 18:32:43.827251+05:30	2023-04-29	2023-05-04	1	1	1	6	441	7034725948	\N	3e0f39d4-8f87-4629-bbdf-e0a5966de77f	19	Success
166	2023-04-29 18:59:06.693242+05:30	2023-04-29	2023-05-04	1	1	1	13	443	7034725980	\N	eb5652ed-cb41-44f5-8b5f-31b2557c1ab4	57	Success
167	2023-04-29 19:48:01.095354+05:30	2023-04-29	2023-05-04	1	1	1	7	444	7034725980	7	80e0c548-d358-4800-84f2-5dec308ebf5a	57	Success
165	2023-04-29 18:57:40.334531+05:30	2023-04-29	2023-05-04	1	1	1	5	442	7034725948	7	b194de40-aab3-4cec-ad08-7d2c1da2fee1	19	Cancelled
\.


--
-- Data for Name: booking_payment; Type: TABLE DATA; Schema: public; Owner: postgres
--

COPY public.booking_payment (id, razorpay_payment_id, razorpay_order_id, razorpay_signature, amount, status, created_at, user_id) FROM stdin;
432	pay_Ljbqfp1FzQCOtr	order_LjbqcIbh8oaTW3	f03d68fc2b334603d8b059f07f8acd492f9ddc78f2b6ddbbd79245aa47fc6f9e	14750	Success	2023-04-29 18:06:51.167828+05:30	19
433		order_Ljbrk6qvsEms4L		35000	Pending	2023-04-29 18:07:54.762557+05:30	19
434	pay_LjbsItpWernkSC	order_LjbsFjiGYCvyVp	01ca57a286c667df6c29d9fc1bcfd0993094208f2bd79dfe04fc2a38c198b840	15000	Success	2023-04-29 18:08:23.721611+05:30	19
435	pay_Ljbtf8MmGFcIff	order_LjbtbsZEHxMjYb	90a6146cf202da8e19f72a1505b470e681e256724aec8336e4d4069910f2a451	44750	Success	2023-04-29 18:09:40.842978+05:30	19
436	pay_Ljbw52XOxUUGAx	order_Ljbw1aKoBjRzzG	fd3a7f00bf043016a56bb136008b0fbbdec3c85f1fdc30d6950cd525e8745025	53437.5	Success	2023-04-29 18:11:58.086335+05:30	19
437	pay_LjbxomqK6u4zOK	order_LjbxlJ0j82L2uZ	411004050931e85435af05076974e5a9ebde5dc865f9dff534ab0c35420d159d	53187.5	Success	2023-04-29 18:13:36.676569+05:30	19
417	pay_LjVeVbIXagOWTs	order_LjVeN7DTPKZaos	700f8dcefd788a0cb2858375221120df7662770e7dc11bcde82839bca1b73401	13750	Success	2023-04-29 12:03:04.811318+05:30	19
418	pay_LjVgAJxdr5tn6V	order_LjVg750ijXoMVi	7468ff259660aaaa8ed5bf8a2747e0c5fc283c397bb7c64dc21e7e03326f4b6a	13750	Success	2023-04-29 12:04:43.716268+05:30	19
419	pay_LjVhsIWNltgIPg	order_LjVhoRlLnFH372	c91fbe99b12b0f2cbd806bfc7b18ab9e578e1602a26deff33d57ec00a5a439e0	24062.5	Success	2023-04-29 12:06:20.277398+05:30	19
420	pay_LjVjkzxbckeDQO	order_LjVjhAZcxrMjgU	d16cfccd6ee29b619b6ab3ce554f916f23995b53885c8802ef041b952700e01c	8725	Success	2023-04-29 12:08:07.367375+05:30	19
421	pay_LjVkRqmtiDCiTM	order_LjVkOBdp5cvMaW	25ef05da0aa7856424454acbb14c4f22986423ef141b7319f5481ba91c352bd1	15000	Success	2023-04-29 12:08:46.984447+05:30	19
422	pay_LjVlomXHAMXuFe	order_LjVlkRBT8Qptq4	61746d27454f92ff6b92a0f56f816c18145fd67e4e7763ccf7f5bd4da7fad968	13750	Success	2023-04-29 12:10:03.909133+05:30	19
423	pay_LjVn9qqaU3irIe	order_LjVn65xxyfy9Qg	5550f53f64a20e06f82f9bd83e5546ae66cd10c053661007aac51a698e770eea	15000	Success	2023-04-29 12:11:20.580036+05:30	19
424	pay_LjWWWcvAsPmocW	order_LjWWTKS2AoAw59	69e62dfac584b406719141beb01a4e18fea80928e0b4888d2dfae4fa5c624fa4	14750	Success	2023-04-29 12:54:17.639584+05:30	19
425	pay_LjXmEahKjMglOm	order_LjXm9rMWSccYR2	839df7f3654c5b273a0b09da594c6c8971256e3aa0468a8789ad4553e80f7b45	15000	Success	2023-04-29 14:07:50.132953+05:30	19
426	pay_LjZLRs8hYJ5rrh	order_LjZLOeupfRY3oa	6f4a61047c616400df6e7d5ec6cf604219531865b442a7e6b172ff255fd5a1c9	25062.5	Success	2023-04-29 15:39:53.26041+05:30	19
427	pay_LjZOJDeLGi3BfW	order_LjZOA1EK55ZsTZ	362d1b8cb6a8a96de103251133daf8422efc31a6ed5f1437d84c031451e1d2f6	22950	Success	2023-04-29 15:42:30.153147+05:30	19
428	pay_LjZV67Hb0FGtsE	order_LjZV2cl2Zt78U5	f1d8dfcf617c3d385d297b9930f1c27542c348876845170d97d854937f7eb4ee	39750	Success	2023-04-29 15:49:00.992978+05:30	19
429	pay_LjbkC4g5tIQHyV	order_Ljbk7wMSOhjAkx	bedea317e1fa7ffb183463b88c41b4de9eb37f470b9a754b3dbf9ed05ec25857	25312.5	Success	2023-04-29 18:00:40.949608+05:30	19
430	pay_LjblvRbdehowBI	order_LjblsDeeF80hH0	4673a50edfb73546d14e1d3601f8a401b2196ae7b51cbbb90d1037f249f8ed83	22700	Success	2023-04-29 18:02:20.168987+05:30	19
431	pay_Ljbn1tmugdZTBc	order_LjbmyI1ALmoplJ	29aadda8d5ec15d3f0fd26572875cd3a1e0c7e12ba28cef48bc00438e1e457e3	15000	Success	2023-04-29 18:03:22.507674+05:30	19
438	pay_LjbzWl5Rz4MOxE	order_LjbzSvdygWzyfQ	d0e6b0b4c204a8deec2db634d0cd37889fe417d30be82b87741975c561a790ff	45000	Success	2023-04-29 18:15:13.756459+05:30	19
439		order_Ljc33xYVdRdJaB		14750	Pending	2023-04-29 18:18:54.650976+05:30	19
440	pay_Ljc3VWYah1vKUA	order_Ljc3SEKuppiwAW	845a5e981c03b79e0e3dbf6ba14a0568cc5c8aca69f5573f1a7c8ccff9df2d0f	25062.5	Success	2023-04-29 18:18:59.998919+05:30	19
441	pay_LjcHlPgTstZuJf	order_LjcHhgY8iXhE2J	2eec0f72574d7593f7d9b69fee2fdcd4092bf222c2055bafb25ddb139f66ba63	15000	Success	2023-04-29 18:32:29.310283+05:30	19
442	pay_Ljci6jkOCnhhbL	order_Ljci2vhXpHtxeT	e79edd5e046377f025013a728cdbb11740b1190525f7cc4b6515ce5106598d52	14750	Success	2023-04-29 18:57:26.095593+05:30	19
443	pay_Ljcjd2ucBugk8X	order_LjcjVgvQIBPhN5	e08e99d77cbbe791b9b5cc27721b7a53b91551033be7a237f97f5cfb66003131	15000	Success	2023-04-29 18:58:49.354153+05:30	57
444	pay_LjdZGKiPJoiwAl	order_LjdZCaJXUjpXp6	b959be9ef3d39b42f0560c98e7a06493e5c7f6b6ba045889f77833ba56795b3b	14750	Success	2023-04-29 19:47:45.498231+05:30	57
\.


--
-- Data for Name: django_admin_log; Type: TABLE DATA; Schema: public; Owner: postgres
--

COPY public.django_admin_log (id, action_time, object_id, object_repr, action_flag, change_message, content_type_id, user_id) FROM stdin;
22	2023-03-22 16:47:19.159001+05:30	18	banna@g.com	3		16	19
23	2023-03-22 16:47:23.495576+05:30	17	admissiondelhibannoottan@gmail.com	3		16	19
24	2023-03-22 16:47:28.157417+05:30	1	banna@gmail.com	3		16	19
25	2023-03-22 16:47:32.639524+05:30	3	gokulmjp@gmail.com	3		16	19
26	2023-03-22 16:47:36.601451+05:30	4	abrarabikk@gmail.com	3		16	19
27	2023-03-22 16:48:26.545325+05:30	5	aAmrbTrubk7YDaIVEKSA3DeyI4XdQNRZPZsRA6BL	1	[{"added": {}}]	6	19
28	2023-03-22 16:55:15.64317+05:30	20	admissiondelhibannoottan@gmail.com	3		16	19
29	2023-03-22 16:56:58.180413+05:30	21	admissiondelhibannoottan@gmail.com	3		16	19
30	2023-03-22 16:57:55.785064+05:30	23	admissiondelhibannoottan@gmail.com	2	[{"changed": {"fields": ["Is active"]}}]	16	19
31	2023-03-22 16:59:14.502603+05:30	23	admissiondelhibannoottan@gmail.com	2	[{"changed": {"fields": ["Is active"]}}]	16	19
32	2023-03-22 16:59:39.467821+05:30	23	admissiondelhibannoottan@gmail.com	2	[{"changed": {"fields": ["Is active"]}}]	16	19
33	2023-03-22 17:02:36.552226+05:30	24	contentpooocha@gmail.com	2	[{"changed": {"fields": ["Is active"]}}]	16	19
34	2023-03-22 17:07:35.142263+05:30	24	contentpooocha@gmail.com	3		16	19
35	2023-03-22 17:07:40.482092+05:30	23	admissiondelhibannoottan@gmail.com	3		16	19
36	2023-03-22 17:08:27.087988+05:30	25	contentpooocha@gmail.com	3		16	19
37	2023-03-22 17:09:38.49994+05:30	26	contentpooocha@gmail.com	3		16	19
38	2023-03-22 17:15:01.948441+05:30	27	contentpooocha@gmail.com	2	[{"changed": {"fields": ["Otp"]}}]	16	19
39	2023-03-22 17:15:16.711595+05:30	27	contentpooocha@gmail.com	2	[{"changed": {"fields": ["Otp"]}}]	16	19
40	2023-03-22 17:25:18.846663+05:30	27	contentpooocha@gmail.com	3		16	19
41	2023-03-23 07:53:45.576761+05:30	29	admissiondelhibannoottan@gmail.com	3		16	19
42	2023-03-24 15:15:37.00917+05:30	1	Enquiry object (1)	3		17	19
43	2023-03-24 17:04:26.238327+05:30	16	ajnas	3		17	19
44	2023-03-24 17:04:26.25104+05:30	15	ajnas	3		17	19
45	2023-03-24 17:04:26.252067+05:30	14	wasdcw	3		17	19
46	2023-03-24 17:04:26.253045+05:30	13	wasdcw	3		17	19
47	2023-03-24 17:04:26.254041+05:30	12	banna	3		17	19
48	2023-03-24 17:04:26.254041+05:30	11	banna	3		17	19
49	2023-03-24 17:04:26.25604+05:30	10	banna	3		17	19
50	2023-03-24 17:04:26.257046+05:30	9	banna	3		17	19
51	2023-03-24 17:04:26.258045+05:30	8	banna	3		17	19
52	2023-03-24 17:04:26.259056+05:30	7	banna	3		17	19
53	2023-03-24 17:04:26.260045+05:30	6	banna	3		17	19
54	2023-03-24 17:04:26.261045+05:30	5	banna	3		17	19
55	2023-03-24 17:04:26.262045+05:30	4	banna	3		17	19
56	2023-03-24 17:04:26.263048+05:30	3	banna	3		17	19
57	2023-03-24 17:04:26.264046+05:30	2	banna	3		17	19
58	2023-03-24 18:03:41.558978+05:30	37	Banna wandoor	3		17	19
59	2023-03-24 18:03:41.570661+05:30	36	dsx	3		17	19
60	2023-03-24 18:03:41.571646+05:30	35	feawe	3		17	19
61	2023-03-24 18:03:41.572647+05:30	34	fvw	3		17	19
62	2023-03-24 18:03:41.573646+05:30	33	wfwe	3		17	19
63	2023-03-24 18:03:41.574672+05:30	32	banna	3		17	19
64	2023-03-24 18:03:41.575646+05:30	31	Eden Tuan	3		17	19
65	2023-03-24 18:03:41.575646+05:30	30	banna	3		17	19
66	2023-03-24 18:03:41.576901+05:30	29	rfvrds	3		17	19
67	2023-03-24 18:03:41.577331+05:30	28	wdwx	3		17	19
68	2023-03-24 18:03:41.577331+05:30	27	banna	3		17	19
69	2023-03-24 18:03:41.577331+05:30	26	Eden Tuan	3		17	19
70	2023-03-24 18:03:41.578336+05:30	25	Eden Tuan	3		17	19
71	2023-03-24 18:03:41.578336+05:30	24	Banna wandoor	3		17	19
72	2023-03-24 18:03:41.579337+05:30	23	Eden Tuan	3		17	19
73	2023-03-24 18:03:41.579337+05:30	22	AJNU	3		17	19
74	2023-03-24 18:03:41.580336+05:30	21	awdc	3		17	19
75	2023-03-24 18:03:41.580336+05:30	20	fwae	3		17	19
76	2023-03-24 18:03:41.581335+05:30	19	vdfxvbds	3		17	19
77	2023-03-24 18:03:41.581335+05:30	18	fcsef	3		17	19
78	2023-03-24 18:03:41.581335+05:30	17	ajans	3		17	19
79	2023-03-25 13:35:19.972719+05:30	28	contentpooocha@gmail.com	3		16	19
80	2023-03-25 13:35:26.852518+05:30	30	admissiondelhibannoottan@gmail.com	3		16	19
81	2023-03-25 13:44:10.668048+05:30	33	contentpooocha@gmail.com	2	[]	16	19
82	2023-03-26 09:23:05.056402+05:30	35	bannawandoor12m@gmail.com	3		16	19
83	2023-03-26 11:03:35.076263+05:30	37	admin@gmail.com	3		16	19
84	2023-03-26 11:03:39.942976+05:30	36	ponnumol@gmail.com	3		16	19
85	2023-03-26 11:03:53.701276+05:30	38	admin@gmail.com	3		16	19
86	2023-03-26 14:02:02.692355+05:30	39	admin@gmail.com	3		16	19
87	2023-03-26 15:13:18.01539+05:30	44	husnumolss@gmail.com	3		16	19
88	2023-03-26 15:13:22.008985+05:30	43	ponnumol1@gmail.com	3		16	19
89	2023-03-26 15:13:25.504779+05:30	42	manna@gmail.com	3		16	19
90	2023-03-26 15:13:28.600575+05:30	41	ponnu@gmail.com	3		16	19
91	2023-03-26 15:13:32.657719+05:30	40	admin@gmail.com	3		16	19
92	2023-03-26 15:13:36.709408+05:30	34	admissiondelhibannoottan@gmail.com	3		16	19
93	2023-03-29 15:10:11.612893+05:30	1	Itinerary object (1)	1	[{"added": {}}]	20	19
94	2023-03-29 15:10:22.405827+05:30	1	Itinerary object (1)	2	[]	20	19
95	2023-03-29 15:11:11.135232+05:30	1	Package object (1)	1	[{"added": {}}]	19	19
96	2023-03-29 15:11:15.722166+05:30	1	Package object (1)	2	[]	19	19
97	2023-03-29 15:11:24.28594+05:30	1	PackageImage object (1)	1	[{"added": {}}]	21	19
98	2023-03-29 15:14:00.437259+05:30	1	PackageImage object (1)	3		21	19
99	2023-03-29 15:14:06.289298+05:30	2	PackageImage object (2)	1	[{"added": {}}]	21	19
100	2023-03-29 15:14:27.71816+05:30	3	PackageImage object (3)	1	[{"added": {}}]	21	19
101	2023-03-29 15:23:10.728662+05:30	1	Package object (1)	3		19	19
102	2023-03-29 15:23:21.008369+05:30	1	Itinerary object (1)	3		20	19
103	2023-03-29 17:40:22.933947+05:30	2	Itinerary object (2)	1	[{"added": {}}]	20	19
104	2023-03-29 17:40:39.532579+05:30	2	Package object (2)	1	[{"added": {}}]	19	19
105	2023-03-29 17:40:45.959285+05:30	2	Itinerary object (2)	3		20	19
106	2023-03-30 10:20:46.61562+05:30	3	Package object (3)	1	[{"added": {}}]	19	19
107	2023-03-30 10:20:59.114044+05:30	3	Itinerary object (3)	1	[{"added": {}}]	20	19
108	2023-03-30 10:21:06.759654+05:30	4	Itinerary object (4)	1	[{"added": {}}]	20	19
109	2023-03-30 10:21:14.167499+05:30	4	PackageImage object (4)	1	[{"added": {}}]	21	19
110	2023-03-30 10:21:25.614143+05:30	1	Review object (1)	1	[{"added": {}}]	18	19
111	2023-03-30 10:22:06.048891+05:30	3	Se sails	2	[]	19	19
112	2023-03-30 10:23:26.119222+05:30	4	Se sails , Day 2	2	[]	20	19
113	2023-03-30 10:25:46.283079+05:30	4	New Gen	1	[{"added": {}}]	19	19
114	2023-03-30 10:26:36.453938+05:30	6	New Gen	1	[{"added": {}}]	21	19
115	2023-03-30 10:27:33.429279+05:30	5	New Gen , Day 1	1	[{"added": {}}]	20	19
116	2023-03-30 10:27:42.184355+05:30	6	New Gen , Day 2	1	[{"added": {}}]	20	19
117	2023-03-30 10:28:20.295365+05:30	2	bannawandoor@gmail.com  on New Gen	1	[{"added": {}}]	18	19
118	2023-03-30 10:30:09.472276+05:30	3	Se sails	2	[]	19	19
119	2023-03-30 10:41:20.358749+05:30	5	Enroute Special	1	[{"added": {}}]	19	19
120	2023-03-30 10:41:35.951238+05:30	7	Enroute Special	1	[{"added": {}}]	21	19
121	2023-03-30 13:17:14.613816+05:30	1	Video object (1)	1	[{"added": {}}]	22	19
122	2023-03-30 14:00:16.847189+05:30	1	Banna	1	[{"added": {}}]	23	19
123	2023-03-31 09:18:14.530321+05:30	5	Enroute Special	2	[]	19	19
124	2023-03-31 09:18:32.723658+05:30	4	An Escapade	2	[{"changed": {"fields": ["Name"]}}]	19	19
125	2023-03-31 09:18:50.924329+05:30	3	Explore Kashmir	2	[{"changed": {"fields": ["Name"]}}]	19	19
126	2023-03-31 17:58:29.293983+05:30	6	An Escapade	2	[{"changed": {"fields": ["Image"]}}]	21	19
127	2023-03-31 17:59:29.297119+05:30	4	Explore Kashmir	2	[{"changed": {"fields": ["Image"]}}]	21	19
128	2023-03-31 18:00:17.719385+05:30	6	Explore Agra	1	[{"added": {}}]	19	19
129	2023-03-31 18:00:28.334505+05:30	8	Explore Agra	1	[{"added": {}}]	21	19
130	2023-03-31 18:01:42.797632+05:30	7	Explore Manali	1	[{"added": {}}]	19	19
131	2023-03-31 18:01:52.925007+05:30	9	Explore Manali	1	[{"added": {}}]	21	19
132	2023-03-31 18:03:45.053179+05:30	8	Explore Sikkim	1	[{"added": {}}]	19	19
133	2023-03-31 18:03:55.577552+05:30	10	Explore Sikkim	1	[{"added": {}}]	21	19
134	2023-04-01 09:21:03.900611+05:30	2	Kashmir	1	[{"added": {}}]	22	19
135	2023-04-01 09:27:31.873867+05:30	3	Manali	1	[{"added": {}}]	22	19
136	2023-04-01 09:35:24.162599+05:30	11	Explore Agra	1	[{"added": {}}]	21	19
137	2023-04-01 10:18:19.949137+05:30	3	Explore Kashmir	2	[{"changed": {"fields": ["Category"]}}]	19	19
138	2023-04-01 10:39:55.25011+05:30	2	Musthafa	1	[{"added": {}}]	23	19
139	2023-04-01 11:19:53.139742+05:30	3	Husna	1	[{"added": {}}]	23	19
140	2023-04-01 11:21:45.939226+05:30	3	Husna	3		23	19
141	2023-04-01 11:24:28.838372+05:30	4	Husna	1	[{"added": {}}]	23	19
142	2023-04-01 11:24:34.446239+05:30	4	Husna	2	[{"changed": {"fields": ["Content"]}}]	23	19
143	2023-04-01 11:26:57.288031+05:30	5	Anwar	1	[{"added": {}}]	23	19
144	2023-04-01 11:29:26.261712+05:30	9	Explore Utharakhand	1	[{"added": {}}]	19	19
145	2023-04-01 11:30:46.394002+05:30	12	Explore Utharakhand	1	[{"added": {}}]	21	19
146	2023-04-01 11:33:06.851281+05:30	10	Explore Kiolkata	1	[{"added": {}}]	19	19
147	2023-04-01 11:33:15.555249+05:30	13	Explore Kiolkata	1	[{"added": {}}]	21	19
148	2023-04-04 11:11:01.280651+05:30	14	Explore Utharakhand	1	[{"added": {}}]	21	19
149	2023-04-04 11:11:11.764041+05:30	15	Explore Utharakhand	1	[{"added": {}}]	21	19
150	2023-04-04 11:11:20.990853+05:30	16	Explore Utharakhand	1	[{"added": {}}]	21	19
151	2023-04-04 11:11:29.011523+05:30	17	Explore Utharakhand	1	[{"added": {}}]	21	19
152	2023-04-04 11:11:37.398218+05:30	18	Explore Utharakhand	1	[{"added": {}}]	21	19
153	2023-04-04 11:22:39.040128+05:30	11	Valley Of Flowers	1	[{"added": {}}]	19	19
154	2023-04-04 11:24:17.334244+05:30	19	Valley Of Flowers	1	[{"added": {}}]	21	19
155	2023-04-04 11:25:07.71606+05:30	20	Valley Of Flowers	1	[{"added": {}}]	21	19
156	2023-04-04 11:25:52.508495+05:30	11	Valley Of Flowers	2	[{"changed": {"fields": ["Main place"]}}]	19	19
157	2023-04-04 12:13:48.750741+05:30	11	Valley Of Flowers	2	[{"changed": {"fields": ["Price"]}}]	19	19
158	2023-04-04 12:14:21.772827+05:30	11	Valley Of Flowers	2	[]	19	19
159	2023-04-04 12:14:35.602577+05:30	9	Explore Utharakhand	2	[{"changed": {"fields": ["Price", "Discount percent"]}}]	19	19
160	2023-04-04 12:34:58.913076+05:30	11	Valley Of Flowers	2	[{"changed": {"fields": ["Average rating", "Total reviews"]}}]	19	19
161	2023-04-04 14:50:07.146637+05:30	10	Explore Kolkata	2	[{"changed": {"fields": ["Name"]}}]	19	19
162	2023-04-04 14:54:48.979567+05:30	12	Explore Haridwar	1	[{"added": {}}]	19	19
163	2023-04-04 14:54:59.724699+05:30	21	Explore Haridwar	1	[{"added": {}}]	21	19
164	2023-04-04 14:55:46.539478+05:30	13	Explore Rishikesh	1	[{"added": {}}]	19	19
165	2023-04-04 14:56:10.485711+05:30	22	Explore Rishikesh	1	[{"added": {}}]	21	19
166	2023-04-04 15:04:25.994354+05:30	13	Explore Rishikesh	2	[{"changed": {"fields": ["Discount percent"]}}]	19	19
167	2023-04-04 15:20:06.797917+05:30	14	Cold Munnar	1	[{"added": {}}]	19	19
168	2023-04-04 15:20:54.858446+05:30	23	Cold Munnar	1	[{"added": {}}]	21	19
169	2023-04-05 09:21:28.581802+05:30	15	Goan Beaches	1	[{"added": {}}]	19	19
170	2023-04-05 09:21:39.876062+05:30	24	Goan Beaches	1	[{"added": {}}]	21	19
171	2023-04-05 09:21:47.503523+05:30	25	Goan Beaches	1	[{"added": {}}]	21	19
172	2023-04-05 09:21:55.101606+05:30	26	Goan Beaches	1	[{"added": {}}]	21	19
173	2023-04-06 14:38:39.3637+05:30	16	A night in Dal Lake	1	[{"added": {}}]	19	19
174	2023-04-06 14:40:24.251247+05:30	27	A night in Dal Lake	1	[{"added": {}}]	21	19
175	2023-04-06 14:57:55.818182+05:30	2	bannawandoor@gmail.com  on An Escapade	2	[{"changed": {"fields": ["Review text"]}}]	18	19
176	2023-04-06 14:58:18.231492+05:30	1	admissiondelhibannoottan@gmail.com  on Explore Kashmir	2	[{"changed": {"fields": ["Review text"]}}]	18	19
177	2023-04-06 14:58:39.361018+05:30	1	Banna	2	[{"changed": {"fields": ["Content"]}}]	23	19
178	2023-04-06 14:58:54.137506+05:30	2	fdh	2	[{"changed": {"fields": ["Message"]}}]	24	19
179	2023-04-06 14:59:04.65082+05:30	5	Anwar	2	[]	23	19
180	2023-04-06 14:59:08.041874+05:30	2	Musthafa	2	[]	23	19
181	2023-04-06 14:59:19.883796+05:30	1	Banna	2	[]	23	19
182	2023-04-07 10:35:12.866761+05:30	17	Kedarkantha Trek	1	[{"added": {}}]	19	19
183	2023-04-07 10:40:32.042272+05:30	28	Kedarkantha Trek	1	[{"added": {}}]	21	19
184	2023-04-07 10:40:40.453422+05:30	29	Kedarkantha Trek	1	[{"added": {}}]	21	19
185	2023-04-07 10:40:47.427771+05:30	30	Kedarkantha Trek	1	[{"added": {}}]	21	19
186	2023-04-07 10:40:55.531231+05:30	31	Kedarkantha Trek	1	[{"added": {}}]	21	19
187	2023-04-07 10:41:03.145113+05:30	32	Kedarkantha Trek	1	[{"added": {}}]	21	19
188	2023-04-07 11:53:22.430082+05:30	3	admissiondelhibannoottan@gmail.com  on Kedarkantha Trek	1	[{"added": {}}]	18	19
189	2023-04-07 11:53:58.556212+05:30	7	Kedarkantha Trek , Day 1	1	[{"added": {}}]	20	19
190	2023-04-07 11:54:11.744041+05:30	8	Kedarkantha Trek , Day 2	1	[{"added": {}}]	20	19
191	2023-04-07 11:54:25.775038+05:30	9	Kedarkantha Trek , Day 3	1	[{"added": {}}]	20	19
192	2023-04-07 11:54:36.719401+05:30	10	Kedarkantha Trek , Day 4	1	[{"added": {}}]	20	19
193	2023-04-07 11:54:48.99945+05:30	11	Kedarkantha Trek , Day 5	1	[{"added": {}}]	20	19
271	2023-04-10 12:34:01.332469+05:30	106	xm1eLsgaoELCvalB3vKwXz9mlacHVx	3		7	19
194	2023-04-07 11:55:13.671363+05:30	17	Kedarkantha Trek	2	[{"changed": {"fields": ["Duration", "Price"]}}]	19	19
195	2023-04-07 20:17:35.163731+05:30	28	Kedarkantha Trek	3		21	19
196	2023-04-07 20:17:38.386028+05:30	29	Kedarkantha Trek	3		21	19
197	2023-04-07 20:17:41.454848+05:30	30	Kedarkantha Trek	3		21	19
198	2023-04-07 20:17:44.327592+05:30	31	Kedarkantha Trek	3		21	19
199	2023-04-07 20:17:47.735948+05:30	32	Kedarkantha Trek	3		21	19
200	2023-04-07 20:20:17.130276+05:30	33	Kedarkantha Trek	1	[{"added": {}}]	21	19
201	2023-04-07 20:20:24.003896+05:30	34	Kedarkantha Trek	1	[{"added": {}}]	21	19
202	2023-04-07 20:20:34.570091+05:30	35	Kedarkantha Trek	1	[{"added": {}}]	21	19
203	2023-04-07 20:20:42.986226+05:30	36	Kedarkantha Trek	1	[{"added": {}}]	21	19
204	2023-04-07 20:20:50.403874+05:30	37	Kedarkantha Trek	1	[{"added": {}}]	21	19
205	2023-04-07 20:20:58.236152+05:30	38	Kedarkantha Trek	1	[{"added": {}}]	21	19
206	2023-04-08 15:27:16.40767+05:30	17	Kedarkantha Trek	2	[{"changed": {"fields": ["Inclusions"]}}]	19	19
207	2023-04-08 15:34:25.159899+05:30	17	Kedarkantha Trek	2	[{"changed": {"fields": ["Exclusions"]}}]	19	19
208	2023-04-08 15:46:20.058052+05:30	3	admissiondelhibannoottan@gmail.com  on Kedarkantha Trek	3		18	19
209	2023-04-08 15:46:20.072566+05:30	2	bannawandoor@gmail.com  on An Escapade	3		18	19
210	2023-04-08 15:46:20.073565+05:30	1	admissiondelhibannoottan@gmail.com  on Explore Kashmir	3		18	19
211	2023-04-08 15:55:42.149623+05:30	4	admissiondelhibannoottan@gmail.com  on Kedarkantha Trek	1	[{"added": {}}]	18	19
212	2023-04-08 15:56:26.383921+05:30	5	contentpooocha@gmail.com  on Kedarkantha Trek	1	[{"added": {}}]	18	19
213	2023-04-09 14:08:25.348101+05:30	5	contentpooocha@gmail.com  on Kedarkantha Trek	2	[{"changed": {"fields": ["Rating"]}}]	18	19
214	2023-04-09 14:08:30.405193+05:30	4	admissiondelhibannoottan@gmail.com  on Kedarkantha Trek	2	[{"changed": {"fields": ["Rating"]}}]	18	19
215	2023-04-09 14:09:20.883784+05:30	5	contentpooocha@gmail.com  on Kedarkantha Trek	2	[]	18	19
216	2023-04-09 14:09:26.191841+05:30	4	admissiondelhibannoottan@gmail.com  on Kedarkantha Trek	2	[{"changed": {"fields": ["Rating"]}}]	18	19
217	2023-04-09 14:23:45.738201+05:30	5	contentpooocha@gmail.com  on Kedarkantha Trek	2	[{"changed": {"fields": ["Review text"]}}]	18	19
218	2023-04-09 14:26:57.746419+05:30	6	bannawandoor@gmail.com  on Kedarkantha Trek	1	[{"added": {}}]	18	19
219	2023-04-09 19:17:49.361519+05:30	17	Kedarkantha Trek	2	[{"changed": {"fields": ["Location"]}}]	19	19
220	2023-04-09 19:20:51.092778+05:30	17	Kedarkantha Trek	2	[]	19	19
221	2023-04-09 19:23:19.769052+05:30	17	Kedarkantha Trek	2	[]	19	19
222	2023-04-09 19:25:56.036146+05:30	17	Kedarkantha Trek	2	[{"changed": {"fields": ["Location"]}}]	19	19
223	2023-04-10 11:17:53.100652+05:30	33	contentpooocha@gmail.com	3		16	19
224	2023-04-10 12:34:01.297109+05:30	191	NibB3QDv3YFb3vkHfhFSEQdPd5c02G	3		7	19
225	2023-04-10 12:34:01.306164+05:30	189	NVBqqTQDb1AYYNqgTFbgDyj4VKM5P8	3		7	19
226	2023-04-10 12:34:01.307211+05:30	188	EGShpP2kt9NXks5cFCqP2d9edREq4D	3		7	19
227	2023-04-10 12:34:01.308116+05:30	168	8cflI1Zj0jYLoMSWTl6TCiy0jc4SS0	3		7	19
228	2023-04-10 12:34:01.309117+05:30	166	vHGhJlhdYYlNZWfXsCEovCnAi8gd7h	3		7	19
229	2023-04-10 12:34:01.310118+05:30	165	Ay8jKMLQeGiaNPtcAChQ7QM6hhFPfq	3		7	19
230	2023-04-10 12:34:01.311116+05:30	164	GI7d8LIz3tfK3nQxfuPE584UgKQPMN	3		7	19
231	2023-04-10 12:34:01.312116+05:30	163	O7q7PMrDFamkHEOYpaYz45zKuKS1xF	3		7	19
232	2023-04-10 12:34:01.313505+05:30	162	Sw4lOemxlKD97WSX1XrDZGknYFWMvl	3		7	19
233	2023-04-10 12:34:01.3141+05:30	161	MKbpnbaUGMoGEFZ8RLVcoxz3HmfK8z	3		7	19
234	2023-04-10 12:34:01.31467+05:30	160	TDhN2IRquosxFL5P78WiNqR6gc131y	3		7	19
235	2023-04-10 12:34:01.31467+05:30	159	wkeQ2QWRPp5jAXCH7wKm6XlDGGmTR9	3		7	19
236	2023-04-10 12:34:01.315679+05:30	157	ioOXnOeysg0DX7RP0tuuqjAKAHMS7E	3		7	19
237	2023-04-10 12:34:01.315679+05:30	156	vrzkOhOdLF8DEXSGvx0ryIeWcJTtph	3		7	19
238	2023-04-10 12:34:01.316678+05:30	155	hPAspdJraiX3MNkNd1p0kBM8wl6j44	3		7	19
239	2023-04-10 12:34:01.316678+05:30	154	vDb7qIe4p0gXYpG2V3G2bpzJlquVRF	3		7	19
240	2023-04-10 12:34:01.317675+05:30	153	FllwAA7ostIWsuiWwWEFra4lpCj3bz	3		7	19
241	2023-04-10 12:34:01.317675+05:30	152	WIfSF3jzg5UauMMfHiZQF0mVegpKaN	3		7	19
242	2023-04-10 12:34:01.317675+05:30	151	mDLzA1t61F2QetHigzTbEOoepnVOGW	3		7	19
243	2023-04-10 12:34:01.318677+05:30	150	O4OYU2mueYs5gWnGDtSGY3YZsUUWNV	3		7	19
244	2023-04-10 12:34:01.319678+05:30	149	aR0odvwFNQimpHvfjow0bOp263NYcd	3		7	19
245	2023-04-10 12:34:01.319678+05:30	148	qZAENjf5NA79EYyaMDUuWcJKwINQpB	3		7	19
246	2023-04-10 12:34:01.320676+05:30	147	o1Ur18AYm1Ni0I27STXQAMdcr3xutZ	3		7	19
247	2023-04-10 12:34:01.321676+05:30	146	2UtxPDTKQOxqgGV47gwkiibU1DJF4x	3		7	19
248	2023-04-10 12:34:01.321676+05:30	145	Ho5Vo5wohCSmRRKSv9OSPv8ic5ydzv	3		7	19
249	2023-04-10 12:34:01.322678+05:30	144	EmQ81r7rJVANAGBcioigg39mj0nnML	3		7	19
250	2023-04-10 12:34:01.322678+05:30	143	cIPEcv9Xt9jvc2ZsOWNstnWFKz4t0T	3		7	19
251	2023-04-10 12:34:01.323676+05:30	142	jiisSydjbIeYK1Vao6Yqzo7vfSsL7b	3		7	19
252	2023-04-10 12:34:01.323676+05:30	141	g8cetBBNwtQP7q52WSi1zbrCUsNYOM	3		7	19
253	2023-04-10 12:34:01.324678+05:30	140	SvkX2FiCKl173Wncjj5I8Ae1efXJiw	3		7	19
254	2023-04-10 12:34:01.324678+05:30	138	KwSlBszvMN4nCdZPrfWAFBNlevCdPJ	3		7	19
255	2023-04-10 12:34:01.325677+05:30	137	n83VjLhOh9M3hiV6NbZsYRxtHYPmQo	3		7	19
256	2023-04-10 12:34:01.326677+05:30	136	2JPaHlXESdB5LmCCyWsoKMl8XNPgeC	3		7	19
257	2023-04-10 12:34:01.327677+05:30	134	Z34P67idTlhEGfMLuBrTSJ9BTdzBcs	3		7	19
258	2023-04-10 12:34:01.328677+05:30	133	6frhNh2i1lHfhdkrhmlIslLDFqVhQb	3		7	19
259	2023-04-10 12:34:01.328677+05:30	132	x1AWdalSpTLEzQ93KYF9zEpAvdHjxu	3		7	19
260	2023-04-10 12:34:01.328677+05:30	129	105SuDtvQ9eEh6EygNKzsH8rSVEXR9	3		7	19
261	2023-04-10 12:34:01.329675+05:30	127	lDbIogol5Qv3OwnFlkqPaj5T4cW2gQ	3		7	19
262	2023-04-10 12:34:01.329675+05:30	125	vw7uJIctddMO0T5P8jcpUydFdjmmUa	3		7	19
263	2023-04-10 12:34:01.329675+05:30	114	YL8D7gIAqhGyl7sP4A3IIdwssY7U8O	3		7	19
264	2023-04-10 12:34:01.330802+05:30	113	LUxFE32XGKMnO6ftgQBU8426fkeJa4	3		7	19
265	2023-04-10 12:34:01.33114+05:30	112	rwpwYqglGpJLjWu5taoReBSz4U8CyX	3		7	19
266	2023-04-10 12:34:01.331464+05:30	111	l3XLLkHluxQWBzXBqdiXrBY6IblZ88	3		7	19
267	2023-04-10 12:34:01.331464+05:30	110	I0CMfceoEKypB7E68AcvliCV9iKRCK	3		7	19
268	2023-04-10 12:34:01.331464+05:30	109	IzOIt5XAh7XAaWhKGZg4Z2xIB6NtRv	3		7	19
269	2023-04-10 12:34:01.332469+05:30	108	5ygCUoLraZDw0ZrkUVUE3vww1LHkEw	3		7	19
270	2023-04-10 12:34:01.332469+05:30	107	q18hCcuIHqR7Cq2utSoC8mQs2Hladu	3		7	19
272	2023-04-10 12:34:01.333471+05:30	105	uhcnvm4f0yxjLRZQLpMu8ITRYxqNYY	3		7	19
273	2023-04-10 12:34:01.33447+05:30	104	wwkLmmzzL6BpA6SdHcckX7QJ8qguDY	3		7	19
274	2023-04-10 12:34:01.33447+05:30	103	TJuL2AeiFej8L9dLJBXHcKEJzcILaY	3		7	19
275	2023-04-10 12:34:01.335469+05:30	102	Wzk1Wev9xLVuiqwOQcCMOGoGns8DrW	3		7	19
276	2023-04-10 12:34:01.335469+05:30	101	BvuKrYVwSrIUiNZMemOZ0hrvcHmTW0	3		7	19
277	2023-04-10 12:34:01.33647+05:30	99	mRZj3DxXxDaaBegS4lXDJtxIFxgtDj	3		7	19
278	2023-04-10 12:34:01.33647+05:30	95	6s17WHhE9aiATcsfFKR8BaSzMqQ3MQ	3		7	19
279	2023-04-10 12:34:01.337469+05:30	94	TCq4ajd9hkNz6D9daMHR3stgXuyNAv	3		7	19
280	2023-04-10 12:34:01.337469+05:30	93	V49SyT9VBr8x11m8t5ZErTuo5X3NgN	3		7	19
281	2023-04-10 12:34:01.338468+05:30	91	Xp4QVxCkHzrZmZOEoEHicPkuWAfUPk	3		7	19
282	2023-04-10 12:34:01.338468+05:30	89	8q7dEwBMceOqZ9DHru5p6mwqzRLtJT	3		7	19
283	2023-04-10 12:34:01.339468+05:30	88	72Ap6A1GTCah76TLzXLyH68wesv2dI	3		7	19
284	2023-04-10 12:34:01.34047+05:30	84	LqYjf2IzIZiduYwQPXuoj9XxsRZ8A2	3		7	19
285	2023-04-10 12:34:01.34047+05:30	83	cPV2T4UOscsA2Giy0cFJk9oJ5oimLA	3		7	19
286	2023-04-10 12:34:01.341468+05:30	81	f8OtZzByeZhVVuMqzyxFpqujDyZVMk	3		7	19
287	2023-04-10 12:34:01.341468+05:30	80	b7H7R6JimDjTmVT1k8ZrH2EmJbmty3	3		7	19
288	2023-04-10 12:34:13.147146+05:30	191	7k2SMu7iu3SrKGYJOUydBa0uh8rXbi	3		9	19
289	2023-04-10 12:34:13.153111+05:30	190	GGwKMhOZTsut0eydOjGdERP3owvIxb	3		9	19
290	2023-04-10 12:34:13.155067+05:30	189	LYuO2cxFuGtIxFmibqAIPgZFjfeuar	3		9	19
291	2023-04-10 12:34:13.156078+05:30	188	8kXuKXcQrSM08HxZlqrwhevUaGd4KK	3		9	19
292	2023-04-10 12:34:13.157068+05:30	187	t937smjmOhLhSA3TCNxRyFdqLuXaUX	3		9	19
293	2023-04-10 12:34:13.158065+05:30	186	dzl4P9AlRSptNSyTQ6txsTvfru2SZO	3		9	19
294	2023-04-10 12:34:13.159065+05:30	185	egtlhSiLkvfGJV8OeK3oy1VRWDTNCh	3		9	19
295	2023-04-10 12:34:13.159065+05:30	184	P3dmJsUA1V3zZm7VYJJWbkkEhoGJdH	3		9	19
296	2023-04-10 12:34:13.160065+05:30	183	iUIm56B6r50LfDfhqT27acYGcNWAw1	3		9	19
297	2023-04-10 12:34:13.1616+05:30	182	GdCjqKeAlLQ17QtXFcvSjLxKPbR0Aw	3		9	19
298	2023-04-10 12:34:13.1616+05:30	181	134sgdPgQfrM0URysSH8v1DAgEhqiI	3		9	19
299	2023-04-10 12:34:13.162646+05:30	180	UMBrgJZ1LcsG425YYyz6ysgCUarH2v	3		9	19
300	2023-04-10 12:34:13.163607+05:30	179	2IfNMxAnlesugjjFbRfaXxoRQaWMxU	3		9	19
301	2023-04-10 12:34:13.164607+05:30	178	5qByDS4o3xU3JhyajFzotrUKt0Kz4V	3		9	19
302	2023-04-10 12:34:13.164607+05:30	177	OrH7kFk6TTeRiFI52BcQPl7K5EinYJ	3		9	19
303	2023-04-10 12:34:13.165648+05:30	176	k9EpoFsu8Sx32Bt1q3wD7Z82VY1aVH	3		9	19
304	2023-04-10 12:34:13.166607+05:30	175	PUlN21wJoQMX0YSUkwgm7A4GeC7UG4	3		9	19
305	2023-04-10 12:34:13.167606+05:30	174	FbsEWLkUFaqRByJNfCzN0URkBWXnji	3		9	19
306	2023-04-10 12:34:13.16861+05:30	173	coOmeNCinUkx7j8CQBzhy6xn99AmBJ	3		9	19
307	2023-04-10 12:34:13.16961+05:30	172	PK9FSPFQxZOdGoz3eWMuyQfTxJKII3	3		9	19
308	2023-04-10 12:34:13.16961+05:30	171	DmbpVyPevRj2Nsw38VxqimNfmAaru9	3		9	19
309	2023-04-10 12:34:13.170645+05:30	170	JwvDH5EjE3yUQ8qdjDziSkdzFo0SSI	3		9	19
310	2023-04-10 12:34:13.171611+05:30	169	tT5lxW1z5NI9OzV91lra5PLNT8FMqs	3		9	19
311	2023-04-10 12:34:13.172611+05:30	168	9a1RM6yZbAfOqO8SSqHGyTUWs1D7it	3		9	19
312	2023-04-10 12:34:13.173609+05:30	167	R3VSRQ1RHVJe4B1Jwng69q2axolYaL	3		9	19
313	2023-04-10 12:34:13.173609+05:30	166	TDbw94YtYZzLyoFlVeFZJFWeu9wp3t	3		9	19
314	2023-04-10 12:34:13.174647+05:30	165	aIqIvp6MBokosMubzFB38OOaQc5iXe	3		9	19
315	2023-04-10 12:34:13.175611+05:30	164	V0fhOjmbcuDJdDIGYH2xTZ5qk32n9g	3		9	19
316	2023-04-10 12:34:13.176609+05:30	163	C6wZDRohvtF6s1j0PbvsCB7DydBFqV	3		9	19
317	2023-04-10 12:34:13.176609+05:30	162	UKdPMmUr0gm1dMEsV9Y7b5LYv0A8E3	3		9	19
318	2023-04-10 12:34:13.177611+05:30	161	uyVzPqA04z4vVRHBWZM6adJKvk4URv	3		9	19
319	2023-04-10 12:34:13.178611+05:30	160	FNO5Bt34wp0ghvPrLwPeq40eGGRJRI	3		9	19
320	2023-04-10 12:34:13.17961+05:30	159	Ja7UPf1UhoR5xhBPfeJlRwd0uBFDfE	3		9	19
321	2023-04-10 12:34:13.180611+05:30	157	9n36NqmuqEsbGLyGOBNEwnexKe4gzs	3		9	19
322	2023-04-10 12:34:13.181612+05:30	156	9xAfDy9ZEJkbqoICMhgotCMWspBtcO	3		9	19
323	2023-04-10 12:34:13.181612+05:30	155	gJSlICJOyaPgGR4fwHybKMW1oyc8I7	3		9	19
324	2023-04-10 12:34:13.183245+05:30	154	eIoXqqkRrf2HGzxIaTaZ6ZQtf11skL	3		9	19
325	2023-04-10 12:34:13.183875+05:30	153	HHppBE04kiQPy8eCBuRYmapWsfdNqE	3		9	19
326	2023-04-10 12:34:13.184882+05:30	152	cbNCgIpNnS0riCBr8SJpK7CjDzGXJZ	3		9	19
327	2023-04-10 12:34:13.184882+05:30	151	E8yjrcm9ekGQVVDp2E7vPs4njO68uk	3		9	19
328	2023-04-10 12:34:13.185889+05:30	150	onCgWd9QVBXzCt6OpwOEOFdDobTkxg	3		9	19
329	2023-04-10 12:34:13.186882+05:30	149	jgWyRN0cD3dKPy0mciwyz6xKhlLFRt	3		9	19
330	2023-04-10 12:34:13.187907+05:30	148	49m3qjCPJJ7pU8UXaIQTDu3F8zYEx8	3		9	19
331	2023-04-10 12:34:13.18888+05:30	147	89q2uXwAtp4kihYeCrgasQbds3EwLF	3		9	19
332	2023-04-10 12:34:13.189879+05:30	146	TllU5H9OyxoDtaPZe6IbUgDKMWHRp6	3		9	19
333	2023-04-10 12:34:13.19089+05:30	145	kxP0u6w8sDDiVngJ8nI560BbngyT2C	3		9	19
334	2023-04-10 12:34:13.19089+05:30	144	PwSrp7rAVXGpgesfYa1eqX18ZIuRx1	3		9	19
335	2023-04-10 12:34:13.191901+05:30	143	cyhkYLg2P65E1YeJGhhaCWVm8uBc3b	3		9	19
336	2023-04-10 12:34:13.192884+05:30	142	RN3qnXwKnx7ZvfK2haJNE1wIJk7Uf5	3		9	19
337	2023-04-10 12:34:13.19388+05:30	141	4dgWq1f8Wx9kpjAYrzHUCWigNjwa9d	3		9	19
338	2023-04-10 12:34:13.19388+05:30	140	z20MGGUHIev2fuESiNualrd1EmktK0	3		9	19
339	2023-04-10 12:34:13.19488+05:30	138	Mih74SagXGZyc5lMBfEQAzoVotvQM7	3		9	19
340	2023-04-10 12:34:13.19488+05:30	137	neh8P6OYbsbYGqT9bhSbCXr2RlgvSS	3		9	19
341	2023-04-10 12:34:13.195882+05:30	136	Yj0gzoBZKZCMY5jIgCmGbVmAK1LrqB	3		9	19
342	2023-04-10 12:34:13.195882+05:30	134	phA3uG5OAfLPOkOKXyZkcai0bSgZkx	3		9	19
343	2023-04-10 12:34:13.196878+05:30	133	gExZdkMht7mOJxQJGmwnjZLzHKBWcM	3		9	19
344	2023-04-10 12:34:13.196878+05:30	132	0Z6fmlYGhVirp0oj6hK5TafGnMSGSo	3		9	19
345	2023-04-10 12:34:13.197906+05:30	129	J4KNgpEbDBG17lSwD2aNjvKKwAO8ht	3		9	19
346	2023-04-10 12:34:13.197906+05:30	127	7ugGK5zqq694hR7ONCT2OzOZTT22j5	3		9	19
347	2023-04-10 12:34:13.198903+05:30	125	M7kpiRw7DpLfrESBlkbwyMIBAwEzHf	3		9	19
348	2023-04-10 12:34:13.198903+05:30	114	XOIW4p3jZ8Kz81vCJxkHoG7wpBX701	3		9	19
349	2023-04-10 12:34:13.200052+05:30	113	CKQHbfzt2GwZ64nVpWrKz4zcDZwarA	3		9	19
350	2023-04-10 12:34:13.200052+05:30	112	KFDyGhb3oHoZ3PiK2TmKxZtaul3Ebt	3		9	19
351	2023-04-10 12:34:13.201058+05:30	111	cE2K1ZhonJZRWR8yuBw25drBYlAl5t	3		9	19
352	2023-04-10 12:34:13.201058+05:30	110	6BauFJ6TwnRtLBnxrXMjwMp8uStIjr	3		9	19
353	2023-04-10 12:34:13.20212+05:30	109	jgLZcN17zjjiyMsxtw9qWyKRR8Do54	3		9	19
354	2023-04-10 12:34:13.203058+05:30	108	dvfQOKUz5ppyzIPcY1LpLQ2JU1RWqM	3		9	19
355	2023-04-10 12:34:13.203058+05:30	107	NLSs06Y4VeQZjGTXyF5gYN2M6Kz2Vk	3		9	19
356	2023-04-10 12:34:13.204156+05:30	106	BoDvu9s6YSUocwW3dAdnlI93aIzpu8	3		9	19
357	2023-04-10 12:34:13.204156+05:30	105	MuqSgZftXYQNJLlSjlX9jCCjpE3QIA	3		9	19
358	2023-04-10 12:34:13.204156+05:30	104	n5FgNm7Ha6A8ZXuVpKpTxaOK0tLadK	3		9	19
359	2023-04-10 12:34:13.205162+05:30	103	AhmcbNVWH5368HsYRxmklsiJnog0w5	3		9	19
360	2023-04-10 12:34:13.205162+05:30	102	Vvbnely9i4ZBZvmA0IPXLyeZUnP96Y	3		9	19
361	2023-04-10 12:34:13.206162+05:30	101	yo5ip8I6qjqJ2YizBVLCfbWgVornnM	3		9	19
362	2023-04-10 12:34:13.206162+05:30	99	GV8YjgMV5mQ0RxlmueSyCNldWd2Nd0	3		9	19
363	2023-04-10 12:34:13.206162+05:30	95	HuR40kS4VkjqYRrLnOk6S5zOYt9hkb	3		9	19
364	2023-04-10 12:34:13.207171+05:30	94	4PqBXJ7dVxNcsUX9kuYwjws8gKH7bq	3		9	19
365	2023-04-10 12:34:13.207171+05:30	93	v1AoV3MWtz9A8IPlgSJv5uxeqdTdxS	3		9	19
366	2023-04-10 12:34:13.207171+05:30	91	AysyCz4iHbj9EV6ev84gEu6EjQ68TV	3		9	19
367	2023-04-10 12:34:13.208162+05:30	89	lXpwMqLQV84lLXa6DfT7bUPaTZtl7p	3		9	19
368	2023-04-10 12:34:13.208162+05:30	88	YKVNW1G8bxS10SD4HhO9Bp4tcfVsuH	3		9	19
369	2023-04-10 12:34:13.209162+05:30	84	ZIMIO3TIkfW3AQ3agkTB6a9hRslOwg	3		9	19
370	2023-04-10 12:34:13.209162+05:30	83	UPsHMAI0luKuU159TdEg5KRjrtwlE0	3		9	19
371	2023-04-10 12:34:13.209162+05:30	81	HgIKi65ygpikptKimid3q3hnPp30qx	3		9	19
372	2023-04-10 12:34:13.210163+05:30	80	IInsOEVP9URbIN9kh8aoR8Puu6sahb	3		9	19
373	2023-04-10 12:36:57.600046+05:30	193	wm1nBvGTy8pLFS8zJ8sUKreLOJ781S	3		9	19
374	2023-04-10 12:36:57.60336+05:30	192	6OTNS6Qs3tOmddin5pNu7bwiAqLZO8	3		9	19
375	2023-04-10 12:37:04.952078+05:30	193	K62r0ujq1RddHWX8x5rK7oc9gRnZTH	3		7	19
376	2023-04-10 13:48:04.805104+05:30	45	admissiondelhibannoottan@gmail.com	3		16	19
377	2023-04-10 13:50:29.605882+05:30	48	admissiondelhibannoottan@gmail.com	3		16	19
378	2023-04-10 13:53:13.339926+05:30	49	admissiondelhibannoottan@gmail.com	3		16	19
379	2023-04-10 13:57:02.69746+05:30	50	admissiondelhibannoottan@gmail.com	3		16	19
380	2023-04-10 13:58:06.666156+05:30	51	admissiondelhibannoottan@gmail.com	3		16	19
381	2023-04-10 14:21:23.712389+05:30	47	contentpooocha@gmail.com	2	[]	16	19
382	2023-04-10 14:29:42.621598+05:30	52	admissiondelhibannoottan@gmail.com	3		16	19
383	2023-04-11 13:31:11.335139+05:30	10	Explore Kolkata	2	[]	19	19
384	2023-04-11 13:36:14.592949+05:30	18	Shades of Kodaikanal	1	[{"added": {}}]	19	19
385	2023-04-11 13:38:47.891642+05:30	18	Shades of Kodaikanal	2	[]	19	19
386	2023-04-11 13:38:58.483572+05:30	39	Shades of Kodaikanal	1	[{"added": {}}]	21	19
387	2023-04-11 13:39:05.666362+05:30	40	Shades of Kodaikanal	1	[{"added": {}}]	21	19
388	2023-04-11 13:39:15.059724+05:30	41	Shades of Kodaikanal	1	[{"added": {}}]	21	19
389	2023-04-11 13:39:22.77808+05:30	42	Shades of Kodaikanal	1	[{"added": {}}]	21	19
390	2023-04-11 13:39:32.029343+05:30	43	Shades of Kodaikanal	1	[{"added": {}}]	21	19
391	2023-04-11 13:41:37.616135+05:30	12	Shades of Kodaikanal , Day 1	1	[{"added": {}}]	20	19
392	2023-04-11 13:41:50.620751+05:30	13	Shades of Kodaikanal , Day 2	1	[{"added": {}}]	20	19
393	2023-04-11 13:42:05.728742+05:30	14	Shades of Kodaikanal , Day 3	1	[{"added": {}}]	20	19
394	2023-04-11 16:38:43.954083+05:30	7	bannawandoor@gmail.com  on Kedarkantha Trek	1	[{"added": {}}]	18	19
395	2023-04-11 17:38:55.314071+05:30	17	Kedarkantha Trek	2	[{"changed": {"fields": ["Itinerary pdf"]}}]	19	19
396	2023-04-12 11:45:35.868921+05:30	329	RKs6IlBhNFZgO5Jq0YmAErMZN92n3h	3		7	19
397	2023-04-12 11:45:35.887129+05:30	325	OgH4V56Gig3kNFdr7RX6pxV9mwKBCE	3		7	19
398	2023-04-12 11:45:35.889129+05:30	317	mlrrBTATeX530b1sO2nHAR5mFhwm6z	3		7	19
399	2023-04-12 11:45:35.890127+05:30	312	CLu6pKDy6PtGgOCLUUAdcb8ltIrH6Z	3		7	19
400	2023-04-12 11:45:35.891226+05:30	309	S1PG6zjqJndTFsaxM2GMrxvZ2SrVgr	3		7	19
401	2023-04-12 11:45:35.892223+05:30	307	Fhdaz1qAgWdX97gm3KD5wq9VGi31XH	3		7	19
402	2023-04-12 11:45:35.894132+05:30	306	zLb3PsCohnAPDgabRy6X3ut0r7uQpv	3		7	19
403	2023-04-12 11:45:35.895161+05:30	305	fGmWLvzL0yWamNmX0tIbggssb1LGj9	3		7	19
404	2023-04-12 11:45:35.896227+05:30	303	mRGrBKmg3lTOLUpbduYpjyt0xTz6kf	3		7	19
405	2023-04-12 11:45:35.897966+05:30	300	V7G7IBYkB0ZVF6wgJz96UW8Hi5vE7W	3		7	19
406	2023-04-12 11:45:35.89898+05:30	296	UXRU9LVOVgm3juPK0jd741OmKRG1oi	3		7	19
407	2023-04-12 11:45:35.900042+05:30	288	a7Nn957eT93icQRGTy6oS2lxlYejzF	3		7	19
408	2023-04-12 11:45:35.900987+05:30	286	1abcmHwe1WBjnEQHJc6MGnhc6jun8r	3		7	19
409	2023-04-12 11:45:35.90398+05:30	282	9lcPzLYQuSCJK4YWa1mAwv9KcCgEni	3		7	19
410	2023-04-12 11:45:35.905988+05:30	281	ylcxdcMxioaQOpNEbQqi4N36hHLTCH	3		7	19
411	2023-04-12 11:45:35.907029+05:30	280	m8L6XCoAmdqihFsLgyV5YCS6eGgfAT	3		7	19
412	2023-04-12 11:45:35.907981+05:30	279	8MvMOibJV8vkQiqsL8a7O1cFhdoZq0	3		7	19
413	2023-04-12 11:45:35.907981+05:30	278	VqOgb0y58UIM43ZgHSIOZHIZ6dw3xY	3		7	19
414	2023-04-12 11:45:35.90898+05:30	277	6AfrDWZ7kviImImB9b46akJ7DPpdzI	3		7	19
415	2023-04-12 11:45:35.909979+05:30	276	ceHFwf994bZcvC7IffpSBbtqWcGpUz	3		7	19
416	2023-04-12 11:45:35.911975+05:30	275	8i67nNvolFNjnEtz4hCXgx1SsfqN5v	3		7	19
417	2023-04-12 11:45:35.912998+05:30	274	BWH6hgnVfItK5fZWWO8ap4t505QBZ7	3		7	19
418	2023-04-12 11:45:35.914023+05:30	273	hoYToCxX33uw9BEGo4LROyPPNoPqJX	3		7	19
419	2023-04-12 11:45:35.914628+05:30	272	ya3jS8zbQ3tTX2tCZkQf05hBb6aK05	3		7	19
420	2023-04-12 11:45:35.915632+05:30	271	pujyBKrwoPMwnchNP6z7vKKj7noHZS	3		7	19
421	2023-04-12 11:45:35.915632+05:30	270	LTaPqBbRTvLxgiFlUXB7HjUPklkCKn	3		7	19
422	2023-04-12 11:45:35.916648+05:30	269	JVXt3ylVelzMKMsdqhyQZRRVIb5rFl	3		7	19
423	2023-04-12 11:45:35.917635+05:30	268	8fzLzneGSuo1fyWz4dTfH3S8p3zMDC	3		7	19
424	2023-04-12 11:45:35.918655+05:30	267	1lojGXrN2VProemCvuJxXhy0fBKTWb	3		7	19
425	2023-04-12 11:45:35.919643+05:30	266	sF7SCrCsNUNCVP8YCpYK5JfLWdPyyC	3		7	19
426	2023-04-12 11:45:35.920632+05:30	265	1wtin6mzzPqSHqAU9RCUQvdHYQ1GVl	3		7	19
427	2023-04-12 11:45:35.921632+05:30	264	2Ym4MQeqI7rd5kAjIPP25HreZAPz4G	3		7	19
428	2023-04-12 11:45:35.922632+05:30	263	cXlL94zBrFEmuuo3kKtoL61OWzFh09	3		7	19
429	2023-04-12 11:45:35.922632+05:30	262	j112Cv4kUKdPKCDpx8kIhgVeAsamHe	3		7	19
430	2023-04-12 11:45:35.923654+05:30	261	fsarFMzAVTR7srhcxUcix5xW0YP3V5	3		7	19
431	2023-04-12 11:45:35.924633+05:30	260	wyQCw0BvAmjuOVaPwTGRrqErDzCsvh	3		7	19
432	2023-04-12 11:45:35.925632+05:30	259	XQcmh26W9LvdeHXpQpbxUmDu5kATIB	3		7	19
433	2023-04-12 11:45:35.925632+05:30	258	F8bD7gfP9YzC3MtkdTVOtxC5bqXGap	3		7	19
434	2023-04-12 11:45:35.926637+05:30	257	ep76jqYDvryzk2tGe1FiJ7l6pG6CIH	3		7	19
435	2023-04-12 11:45:35.927634+05:30	256	nxostg5ZolLo4RqvZPznCWb2xbdAUX	3		7	19
436	2023-04-12 11:45:35.927634+05:30	255	7NngqmzEplopgcH42oPu93FEDP7aJB	3		7	19
437	2023-04-12 11:45:35.928635+05:30	254	iGCwCrCpiXU6Y2Y3OL2wJ9EoQmV6Qr	3		7	19
438	2023-04-12 11:45:35.928635+05:30	253	Ybw67w7xcnospaVTrKnvMQszbEJJC9	3		7	19
439	2023-04-12 11:45:35.928635+05:30	252	xl8oNGKRYbyvAJb9tJefu25AsoiPuB	3		7	19
440	2023-04-12 11:45:35.929635+05:30	251	fjDcSa42Clv1GeBCIILKdaV5UIVqih	3		7	19
441	2023-04-12 11:45:35.929635+05:30	250	6Za7jyfkSNZZggSqp5hMNUekxXCjTI	3		7	19
442	2023-04-12 11:45:35.930634+05:30	249	66msG10Aa4QyPesZYwrBLoSqKpIh1b	3		7	19
443	2023-04-12 11:45:35.930882+05:30	248	hnL5sFKzLzI3AGigXkod7zNL1rl4Ll	3		7	19
444	2023-04-12 11:45:35.931239+05:30	247	JOF4XTHeXGzu3AN68HCOj6cILEEJR5	3		7	19
445	2023-04-12 11:45:35.931601+05:30	246	dcEmVWkMt7lEXLOKZPyic8ihuwAUAH	3		7	19
446	2023-04-12 11:45:35.931601+05:30	245	iJbmLUpe0yIM2ku5Hfuv4acaeYmpQI	3		7	19
447	2023-04-12 11:45:35.931601+05:30	244	fQ8I98PUfQN6dNgaT08VmuAqRb5ejD	3		7	19
448	2023-04-12 11:45:35.932608+05:30	243	qRXV6mokb46bPy6OKcWzdMCiOUnknv	3		7	19
449	2023-04-12 11:45:35.932608+05:30	242	L7AnaaDFti2LVKu8y44EHWmqdRgcA0	3		7	19
450	2023-04-12 11:45:35.932608+05:30	241	DiHbMsh4vJgpzmSRyieFDepPjzQtb3	3		7	19
451	2023-04-12 11:45:35.933606+05:30	240	EcHv8Xj9N6REVtJjv1zvOSbGaD3Qqc	3		7	19
452	2023-04-12 11:45:35.933606+05:30	239	Q1TCQXhyooaUuJ9kqnIKumVuNMOjo2	3		7	19
453	2023-04-12 11:45:35.933606+05:30	238	z4LBKNnyFYXO1Y1pM0rCncptPtcAXz	3		7	19
454	2023-04-12 11:45:35.934608+05:30	237	5NqgRPSUez0DaWnObHqTxz5ydWyDTu	3		7	19
455	2023-04-12 11:45:35.934608+05:30	236	LwJ2p66oJvM63r6nCdpYiSQ3c02cB4	3		7	19
456	2023-04-12 11:45:35.934608+05:30	235	aq7Mg3OvmoxwevTnvYyZMEGQx0kP5l	3		7	19
457	2023-04-12 11:45:35.935605+05:30	234	PzOMTgOwCSlh3Xvx8BFLacNHs90D55	3		7	19
458	2023-04-12 11:45:35.935605+05:30	233	VmigMHehJPiOVyUtikW22TpXUQ5B6n	3		7	19
459	2023-04-12 11:45:35.935605+05:30	232	h2Zp1QzA1ASl6jgsuUXf0JZQrJHUke	3		7	19
460	2023-04-12 11:45:35.936605+05:30	231	312dcg7WVLnGCJdUZt43K8eNdIdehd	3		7	19
461	2023-04-12 11:45:35.936605+05:30	230	dZzXJAK1Knf7lLGcBf7t8NhTs0LA86	3		7	19
462	2023-04-12 11:45:35.936605+05:30	229	dijJkAIQ1xhnigdxKVCovLhAPv9fS5	3		7	19
463	2023-04-12 11:45:35.937608+05:30	228	v5vQ84Lv0VBkhyxJaUWqSd7BFJ3z24	3		7	19
464	2023-04-12 11:45:35.937608+05:30	226	MTdJkCOy72HrHhPwOfJRKd1P0DjNKJ	3		7	19
465	2023-04-12 11:45:35.937608+05:30	217	8D63WCx74CNbp4vVA70hlLHvWcE5c3	3		7	19
466	2023-04-12 11:45:49.788402+05:30	341	CKt6e2NmLncq2jPMJzWgkwK9jNudJO	3		7	19
467	2023-04-12 11:45:49.792367+05:30	333	51JpjwH3Gj6YP8Tu4RVRjn72dJMIUV	3		7	19
468	2023-04-12 11:45:58.201205+05:30	341	TBbjSIX6r5drpgx2MnB8DvIT4abq8G	3		9	19
469	2023-04-12 11:45:58.213933+05:30	340	hdScVkHl73xlLUh2QgZlCDHdJszC0w	3		9	19
470	2023-04-12 11:45:58.215818+05:30	339	WjBf1GP6iBrYh4NUl9Cw5npytR9I1r	3		9	19
471	2023-04-12 11:45:58.216804+05:30	338	HV8K2WdzxuqyK3cxhQs0paGKTtR3wD	3		9	19
472	2023-04-12 11:45:58.217805+05:30	337	VCcR8qpV4pFnk7gyxW8nnFIqM9v4MA	3		9	19
473	2023-04-12 11:45:58.218803+05:30	336	VaE2fEKQjKehY4xNa2Dia0zJhIcwFp	3		9	19
474	2023-04-12 11:45:58.219803+05:30	335	c2OIH1EMIwtGnhrKYsAIOQPzlniCcJ	3		9	19
475	2023-04-12 11:45:58.220804+05:30	334	WygSUAph72Usc7yeX53wekob0bqs5A	3		9	19
476	2023-04-12 11:45:58.221805+05:30	333	J5sAoFf2scT7yYSBY7wv6THIW86MU0	3		9	19
477	2023-04-12 11:45:58.22281+05:30	332	HDKnn7LnJRhL63BsX9tWzWEdAePbcy	3		9	19
478	2023-04-12 11:45:58.223803+05:30	331	HOAOSIDDAXplms1AaCx1pkCYKVCHLN	3		9	19
479	2023-04-12 11:45:58.224811+05:30	330	ogE68rJ926WLLEoMbLUY8VCPbX9fhe	3		9	19
480	2023-04-12 11:45:58.224811+05:30	329	EwOk4mPIa98acwLgm206Sz36gL3tHZ	3		9	19
481	2023-04-12 11:45:58.225835+05:30	328	RR31fXc0FN9fv5oRPMLDcb3M04fSyy	3		9	19
482	2023-04-12 11:45:58.227081+05:30	327	AOwtUSeJqiklPlSdKFrgXKHYAoVdJS	3		9	19
483	2023-04-12 11:45:58.228123+05:30	326	iGqfWFxOe5H9L4xiaY8b1knWWVR1f3	3		9	19
484	2023-04-12 11:45:58.228592+05:30	325	JFk15VQRNl8rasldXVShmtjzRBL9Ns	3		9	19
485	2023-04-12 11:45:58.229604+05:30	324	ctfVneYENFYGC0DIidKSR3bHod9AcY	3		9	19
486	2023-04-12 11:45:58.230605+05:30	323	ky4LsZuUowYLxP43MPu4MgzEsmQNXm	3		9	19
487	2023-04-12 11:45:58.231604+05:30	322	hOCg2yFVIJwU3wL9DzFsxn6V7eWPkp	3		9	19
488	2023-04-12 11:45:58.231604+05:30	321	LOHf5RzASamzYErKq6lOjE6pktX3Ki	3		9	19
489	2023-04-12 11:45:58.232644+05:30	320	8JcxgR69fn0BjXM9FP1YgIvG3ccyQM	3		9	19
490	2023-04-12 11:45:58.233604+05:30	319	BiCJYpR7vS7cRmrOeNYuigP2xYrHfW	3		9	19
491	2023-04-12 11:45:58.234605+05:30	318	17uca8RGM5rxtemVFRRR6KNz7joxeZ	3		9	19
492	2023-04-12 11:45:58.234605+05:30	317	KNbFJaN57QT4giYhsJjYc53iODFMCj	3		9	19
493	2023-04-12 11:45:58.235606+05:30	316	nRH4xfktFOaoCYjQXWYTWIqHhMXneP	3		9	19
494	2023-04-12 11:45:58.235606+05:30	315	dA7AsrTuKMbz57h8ArqY8Hl0uumGGA	3		9	19
495	2023-04-12 11:45:58.236605+05:30	314	STOnJdGw6jf6aUpe1sbKXM6KMrNwZE	3		9	19
496	2023-04-12 11:45:58.236605+05:30	313	nH5DBULd0b8nDSUGSEdHcHicHMX4Ya	3		9	19
497	2023-04-12 11:45:58.237605+05:30	312	nPCIyCAl1qtfZeXVVxxCA5IBNlGK9K	3		9	19
498	2023-04-12 11:45:58.237605+05:30	311	FqNFR9BYj2UZfOGJhoLmQ4zhNSvyLU	3		9	19
499	2023-04-12 11:45:58.238637+05:30	310	YoM2Ex27pE1sDCUCKpx4MZcRl1HNB2	3		9	19
500	2023-04-12 11:45:58.239604+05:30	309	2OZfJvQGuwMKpV3UVWmZjNmNViy1LB	3		9	19
501	2023-04-12 11:45:58.239604+05:30	308	KXIOzE4x5dOI4YAI44NrACw8AcFean	3		9	19
502	2023-04-12 11:45:58.240634+05:30	307	BRqbTKHpUuL1PCIxyBxGWnck8gk0S5	3		9	19
503	2023-04-12 11:45:58.241605+05:30	306	c5ZmOM2cR8JIhgX1WdogzEuWg3FFAZ	3		9	19
504	2023-04-12 11:45:58.241605+05:30	305	DbhBj2mmRom8zasFwWo8WPoX5xWOUf	3		9	19
505	2023-04-12 11:45:58.242603+05:30	304	i81I0FzXYeQ5WwQketySkHV3O65KSX	3		9	19
506	2023-04-12 11:45:58.243605+05:30	303	ftJmoaaYM64TBZbJGB94Zaak8Uo3Ko	3		9	19
507	2023-04-12 11:45:58.245157+05:30	302	xbZUhceADjyF1CSEBA3OnxA7MIBOV7	3		9	19
508	2023-04-12 11:45:58.245718+05:30	301	dtKP0mpipty2IMaLZqsNrTbS8NY89N	3		9	19
509	2023-04-12 11:45:58.246821+05:30	300	uTY2dRuSWcVJMx4G87H9d1nrzEhLV2	3		9	19
510	2023-04-12 11:45:58.247824+05:30	299	OwyIGFf4aK5XUHrjnJdnbefkrQ791k	3		9	19
511	2023-04-12 11:45:58.248725+05:30	298	xDQxwIrOrBheBASjUgRHbkk0fc9cPq	3		9	19
512	2023-04-12 11:45:58.249725+05:30	297	nArYXmCwjuFnUeDlWGLMz4n1UHXJPg	3		9	19
513	2023-04-12 11:45:58.249725+05:30	296	naZBw36K9NZ8TN2knB15rJiWWl9EVD	3		9	19
514	2023-04-12 11:45:58.250765+05:30	295	3KUXA888trx1xs5dfonWBByRHPKTqx	3		9	19
515	2023-04-12 11:45:58.251724+05:30	294	8Rjr2dTgeChtD49q6sRa4NWVQWbokh	3		9	19
516	2023-04-12 11:45:58.251724+05:30	293	86v4VcJqqiFbWQjXXtjUd6uROrSzwG	3		9	19
517	2023-04-12 11:45:58.252745+05:30	292	SGe1FuxXL7vwmnjWqW6kKidWFS2BbE	3		9	19
518	2023-04-12 11:45:58.253723+05:30	291	vBzgI5Y5lK7aEGE8MfuPvkeLNRqUPP	3		9	19
519	2023-04-12 11:45:58.253723+05:30	290	PWLLGDW5alDP0m1nJXhlHW84snmIsT	3		9	19
520	2023-04-12 11:45:58.254744+05:30	289	87UhdNkXXRWI4bq2XbFS9O8NkCF2wy	3		9	19
521	2023-04-12 11:45:58.255723+05:30	288	J6hnhUl5usCILGeTPoXBWwUjxyG2j4	3		9	19
522	2023-04-12 11:45:58.255723+05:30	287	JUicmbfYx5kyfcKG2i28TIfShloZpe	3		9	19
523	2023-04-12 11:45:58.256723+05:30	286	eN6GbWAjZ9nCiMfGXo74XC9RzIakhm	3		9	19
524	2023-04-12 11:45:58.257723+05:30	285	Fcz6WbxavW0CsmR4Gf1OhSuCO0gikf	3		9	19
525	2023-04-12 11:45:58.257723+05:30	284	a9LA3XxmMZlcrh6JXTeuJSUd5CnasV	3		9	19
526	2023-04-12 11:45:58.258724+05:30	283	D5afavzAMHXKxg1DiOHONuqtXv2v0M	3		9	19
527	2023-04-12 11:45:58.258724+05:30	282	LolMcRbUTJs9RT5lVpVXbZmtmj92kg	3		9	19
528	2023-04-12 11:45:58.259724+05:30	281	eTeFNiBjbLrgcMuhy6DX4ZVblThYbw	3		9	19
529	2023-04-12 11:45:58.260756+05:30	280	PxblIsjhYLYWCUQ9XNMC6ixmZxXOck	3		9	19
530	2023-04-12 11:45:58.261828+05:30	279	KK33qifbJvEs1jh4EMp0XAg1C2ssfs	3		9	19
531	2023-04-12 11:45:58.262341+05:30	278	430DwRjYGfRkF1r3crVAS2UJNKFcot	3		9	19
532	2023-04-12 11:45:58.262341+05:30	277	63M5vTfLNPl58t7og4FzODepA7bW7F	3		9	19
533	2023-04-12 11:45:58.263347+05:30	276	AkYblIH1tgWoBGmEC79ebQyIUR2flK	3		9	19
534	2023-04-12 11:45:58.263347+05:30	275	N1kYyYk7JlW97aHfit6iyOyX1FNLNM	3		9	19
535	2023-04-12 11:45:58.264348+05:30	274	FHw8d87jPUytILLyjBPPs9zppOr9I7	3		9	19
536	2023-04-12 11:45:58.265354+05:30	273	YUArjk799VYdq5Vc9eZKgL3oAatltT	3		9	19
537	2023-04-12 11:45:58.266354+05:30	272	Rl8cbor2ILuSmm2iizZRY1qMl7jiZ9	3		9	19
538	2023-04-12 11:45:58.26744+05:30	271	APbOT54bPpbRqUYZZCXjafUUnpROAN	3		9	19
539	2023-04-12 11:45:58.268223+05:30	270	0DX7b1Rdutovo4GBAS19eDSzbh3cg6	3		9	19
540	2023-04-12 11:45:58.268223+05:30	269	NsNIrezGeOa9jHua4z9x788zjrlW3h	3		9	19
541	2023-04-12 11:45:58.269229+05:30	268	k2YA1FSFe86OudrpKTiOf5wkGbbwfp	3		9	19
542	2023-04-12 11:45:58.269229+05:30	267	0RHZA4pHorerrqMkYaKLUBLjoafkQX	3		9	19
543	2023-04-12 11:45:58.270228+05:30	266	MPbT3BZLm0JxpqdskVP0JX804Q7WbV	3		9	19
544	2023-04-12 11:45:58.270228+05:30	265	z0JwSvOGcAqIkvuOCV3AJA3ASuswoc	3		9	19
545	2023-04-12 11:45:58.270228+05:30	264	IzW5CxVxGUJiXEwHyKW0YGuIQf6P1p	3		9	19
546	2023-04-12 11:45:58.27123+05:30	263	0UGGrkrCo4UGBRAAzSaNOdzHfA3XU7	3		9	19
547	2023-04-12 11:45:58.27123+05:30	262	MbASwv6SnywMcY3VmUXQdtLKnGluf5	3		9	19
548	2023-04-12 11:45:58.27223+05:30	261	baXMiDfQnAPkiOFisz8rljwWQwQjrk	3		9	19
549	2023-04-12 11:45:58.27223+05:30	260	WmAMp7WULYh5dlXw9ef6G2A3qG7AN7	3		9	19
550	2023-04-12 11:45:58.27223+05:30	259	HVoeP07xnjcWBTLgZ3sB86G8Ew1CTG	3		9	19
551	2023-04-12 11:45:58.273229+05:30	258	DYiCCHDSRdG8ZMDSmc1mGZS4Sybv0P	3		9	19
552	2023-04-12 11:45:58.273229+05:30	257	Yxd6sBw9ekqrY4vgKofNPkD8tInqj8	3		9	19
553	2023-04-12 11:45:58.274228+05:30	256	59mn6PH78B05uJG1NOkLhqvAgDCyNs	3		9	19
554	2023-04-12 11:45:58.274228+05:30	255	GzuOOuBHYKgp1c7LxS4bezXAEmLWSE	3		9	19
555	2023-04-12 11:45:58.274228+05:30	254	ww34kmf9GmNBngC5cFJ3564CC6YTgH	3		9	19
556	2023-04-12 11:45:58.275228+05:30	253	B8nU8jGlzYnjogqqAxff9F0rKxymVu	3		9	19
557	2023-04-12 11:45:58.275228+05:30	252	ebJwE796hWut7ejj4OUSmkHIa8xLB3	3		9	19
558	2023-04-12 11:45:58.275228+05:30	251	OgGUAliICP0dlwAjNNete0X57blDoX	3		9	19
559	2023-04-12 11:45:58.276229+05:30	250	JSOLgMEAFBvy6K015wAMgbUW0TXVb7	3		9	19
560	2023-04-12 11:45:58.276229+05:30	249	f0YA7ayeDXlIb9khaePMfiFplOkOSt	3		9	19
561	2023-04-12 11:45:58.27723+05:30	248	LWEUSj0CA4JvkkA0pRezXzkmLzB97O	3		9	19
562	2023-04-12 11:45:58.27723+05:30	247	0lOESklIuLWDjgDRYMOQWs0WJErV0X	3		9	19
563	2023-04-12 11:45:58.278228+05:30	246	E9W6xX6wIRyWlvDW7QCz3WnVaLcgOt	3		9	19
564	2023-04-12 11:45:58.278228+05:30	245	6h0izeIWLJRo5zINMPR4lW7XcHnunW	3		9	19
565	2023-04-12 11:45:58.278228+05:30	244	c8cMd838dCkMxIPzlGYyLZOJlRLBS0	3		9	19
566	2023-04-12 11:45:58.279228+05:30	243	YSnx55xkqH7FcEDIsnlveJ762Xsotm	3		9	19
567	2023-04-12 11:45:58.279228+05:30	242	A7tjTLk19ZTUEyFz3U7hoEBMxt6IO1	3		9	19
568	2023-04-12 11:46:07.130256+05:30	241	UkHQNzxnZRRu7JXEzstC5DgrGEh6jr	3		9	19
569	2023-04-12 11:46:07.145726+05:30	240	TxWTknCFh5cT6QzZcMi1nQ70xWoHcH	3		9	19
570	2023-04-12 11:46:07.146599+05:30	239	sSEi5RLYubggp2GQDIobwCoqGlwEVs	3		9	19
571	2023-04-12 11:46:07.148608+05:30	238	WC7U1dpGetP8SV10zQqAkNYaEy5UP6	3		9	19
572	2023-04-12 11:46:07.150097+05:30	237	xonOnj6mASTN6cx2dU2h59cvEZXYPr	3		9	19
573	2023-04-12 11:46:07.151103+05:30	236	SKzO0qc3jIRD1HtUJBpGQAjoa0QPC1	3		9	19
574	2023-04-12 11:46:07.152105+05:30	235	lusWpVakApaFndfvXLLRnIFJD9BusJ	3		9	19
575	2023-04-12 11:46:07.153115+05:30	234	JgrFiZZrlkyG8WvaPQkWPffLaBBFpz	3		9	19
576	2023-04-12 11:46:07.153115+05:30	233	lU1ThVs7WmPn6bbTF1XqRHTaTYdYI4	3		9	19
577	2023-04-12 11:46:07.154177+05:30	232	bTzVAPDdRyNxZvosyg7ilvy95moSVg	3		9	19
578	2023-04-12 11:46:07.155167+05:30	231	RFn7VW7TjT8nWDgxffScMuhCOphQh1	3		9	19
579	2023-04-12 11:46:07.156104+05:30	230	QW744OELMQz7MJxkcyYGU8CZ24uCsT	3		9	19
580	2023-04-12 11:46:07.157105+05:30	229	69abtAa5CBBdrplXGh4L55rq6vKhNg	3		9	19
581	2023-04-12 11:46:07.157105+05:30	228	qRz08AS6gzLNMCh3Q9MC21aUzONAZD	3		9	19
582	2023-04-12 11:46:07.1582+05:30	226	IrTLhvfHGMLXxwqP8hJuRwxr1zGJ9Z	3		9	19
583	2023-04-12 11:46:07.159104+05:30	217	RDYasBw7zlgdKDhqRrSzXcOuMBnmXm	3		9	19
584	2023-04-12 11:46:07.160105+05:30	216	cx3mKIju2EaC5i7SEMRAH9KFLoZJKb	3		9	19
585	2023-04-12 11:46:07.161103+05:30	215	NMiML4GxEe1qTdPUAzg27rAjh13awn	3		9	19
586	2023-04-12 11:46:07.161103+05:30	214	Kfuoig79647Bjxlph5peeaAVcBEeBf	3		9	19
587	2023-04-12 11:46:07.162126+05:30	213	AYuuqAZSqKn4NqONPgRthR8SllvUoq	3		9	19
588	2023-04-12 11:46:07.163103+05:30	212	AmMP1zcA4CV6s6wk5mO1MOZTC3MsQg	3		9	19
589	2023-04-12 11:46:07.164103+05:30	211	5nVWxhNQH4wPZ5l6aM70DrGwBwQvto	3		9	19
590	2023-04-12 11:46:07.165103+05:30	210	tDM6ZLXeok47NlK6LS1DJsisfyfZBf	3		9	19
591	2023-04-12 11:46:07.165103+05:30	209	tNyQo7w69pxcbba8B2X7aso3EFAU7L	3		9	19
592	2023-04-12 11:46:07.166546+05:30	208	gwqRBfNejT3fm7kvxvbVCgnwWB45gQ	3		9	19
593	2023-04-12 11:46:07.167101+05:30	207	tQKEN1tp0RU4bQGeOqmP7OGJ2VpxN4	3		9	19
594	2023-04-12 11:46:07.168108+05:30	206	0IqXa9UHoKofczJSbYzbUez6vz6akA	3		9	19
595	2023-04-12 11:46:07.168108+05:30	205	IpXrg4CxRqyb9JFGfRWUpucIgSOrAe	3		9	19
596	2023-04-12 11:46:07.169109+05:30	204	y0Awtqdk6ZnQG0rwpIbyg4JrrEGX6q	3		9	19
597	2023-04-12 11:46:07.17011+05:30	203	XlKna1YauAqLyKhaMVNXroJA6ih5hz	3		9	19
598	2023-04-12 11:46:07.171108+05:30	202	JWsemZNC0jqKIzkXBILXiOi6ndvurS	3		9	19
599	2023-04-12 11:46:07.171108+05:30	201	mZSjuZiQCJVbyDAPAoGY4JsfeRDQXO	3		9	19
600	2023-04-12 11:46:07.17211+05:30	200	QejYkL0Cd2sUnm7KJ77Hq02loYkWx4	3		9	19
601	2023-04-12 11:46:07.17311+05:30	199	M3nITz25v4RL5GKzqzQ1vtSNJRBb4t	3		9	19
602	2023-04-12 11:46:07.17311+05:30	198	XOXeV6T81sOZsAd5SrWhUUm7EgcnhZ	3		9	19
603	2023-04-12 11:46:07.174109+05:30	197	dWlkIbO3M5CRV9FCaHb20MdvtNCCyM	3		9	19
604	2023-04-12 11:46:07.174109+05:30	196	jhI2cUJDdzMAL6Ni5XYGqgXMLEJpvn	3		9	19
605	2023-04-12 11:46:07.174109+05:30	195	kn4WwZFm0qifY0B6SyVBdL1NXvTfxp	3		9	19
606	2023-04-12 11:46:07.175108+05:30	194	LOYZcfXuY1mxOEhtfVqHrrdUOAJr0A	3		9	19
607	2023-04-12 13:28:00.692874+05:30	19	bannawandoor@gmail.com	2	[{"changed": {"fields": ["Gender"]}}]	16	19
608	2023-04-12 13:32:29.565572+05:30	19	bannawandoor@gmail.com	2	[{"changed": {"fields": ["Gender"]}}]	16	19
609	2023-04-12 13:32:35.931089+05:30	53	admissiondelhibannoottan@gmail.com	2	[{"changed": {"fields": ["Gender"]}}]	16	19
610	2023-04-12 13:32:41.719246+05:30	47	contentpooocha@gmail.com	2	[{"changed": {"fields": ["Gender"]}}]	16	19
611	2023-04-12 13:32:46.896288+05:30	46	admin@gmail.com	2	[{"changed": {"fields": ["Gender"]}}]	16	19
612	2023-04-12 13:43:42.660259+05:30	19	bannawandoor@gmail.com	2	[{"changed": {"fields": ["Address"]}}]	16	19
613	2023-04-12 13:43:58.149234+05:30	47	contentpooocha@gmail.com	2	[{"changed": {"fields": ["Address"]}}]	16	19
614	2023-04-12 13:49:33.778491+05:30	19	bannawandoor@gmail.com	2	[{"changed": {"fields": ["Profile image"]}}]	16	19
615	2023-04-12 14:04:53.73264+05:30	53	admissiondelhibannoottan@gmail.com	2	[{"changed": {"fields": ["Is active"]}}]	16	19
616	2023-04-12 14:05:23.091716+05:30	53	admissiondelhibannoottan@gmail.com	2	[{"changed": {"fields": ["Is active"]}}]	16	19
617	2023-04-12 14:11:54.061446+05:30	53	admissiondelhibannoottan@gmail.com	3		16	19
618	2023-04-12 14:13:10.289471+05:30	47	contentpooocha@gmail.com	3		16	19
619	2023-04-12 15:01:00.829036+05:30	54	admissiondelhibannoottan@gmail.com	3		16	19
620	2023-04-12 15:37:06.647157+05:30	55	admissiondelhibannoottan@gmail.com	2	[{"changed": {"fields": ["Is verified"]}}]	16	19
621	2023-04-12 15:45:55.238403+05:30	55	admissiondelhibannoottan@gmail.com	2	[]	16	19
622	2023-04-12 16:17:26.941259+05:30	55	admissiondelhibannoottan@gmail.com	3		16	19
623	2023-04-12 16:50:57.243569+05:30	425	XX2upt1XlmtpT5R7QE0THxVtQTMZy0	3		7	19
624	2023-04-12 16:50:57.264388+05:30	424	Yw4ylLZiRXJiy2aTQNGrNUZndsSzF9	3		7	19
625	2023-04-12 16:50:57.26541+05:30	423	bekkXKkcYiA9sBvwkmnySOEY0Cuhfx	3		7	19
626	2023-04-12 16:50:57.266388+05:30	422	s7hYyco85L47etkISlohU8ISKDjCGK	3		7	19
627	2023-04-12 16:50:57.26739+05:30	421	YaYhwHmZe0kwm8FxFvYdJCmi9gZNH8	3		7	19
628	2023-04-12 16:50:57.268389+05:30	420	3xz0r547uy1vLBTRTbXRICr3WoorRM	3		7	19
629	2023-04-12 16:50:57.268389+05:30	419	nwQehxFJIyqxmV0AsBbviK7EbeXtQz	3		7	19
630	2023-04-12 16:50:57.269388+05:30	418	S4CLakPm0tCZFgA90ghDsLDa5OGMZ1	3		7	19
631	2023-04-12 16:50:57.269388+05:30	417	WjY68v3vfTlrsFEU3m1yfJur0m2N0r	3		7	19
632	2023-04-12 16:50:57.270389+05:30	416	Za5UjmmHjtCW95AVjM2LTntZrTyAEQ	3		7	19
633	2023-04-12 16:50:57.270749+05:30	415	r1oL9ZcNLLqpyyOjmkgiWnPHAztZFZ	3		7	19
634	2023-04-12 16:50:57.271141+05:30	414	33IGReSmyO6WmZBEq2w9j0Eh236w2X	3		7	19
635	2023-04-12 16:50:57.271141+05:30	413	ICLpZ67AmKeWgJ7R5JkCebQDndaQBm	3		7	19
636	2023-04-12 16:50:57.271141+05:30	412	JWakcan1LPX4Y0oKhQLWTBVnLncRwo	3		7	19
637	2023-04-12 16:50:57.272147+05:30	408	qP32lFujr3HpfGSZ5HJQ6oarNLFr6b	3		7	19
638	2023-04-12 16:50:57.272147+05:30	406	YprlnRJHW1r5OxmO9xidxQxeDz37wX	3		7	19
639	2023-04-12 16:50:57.272147+05:30	405	wIvGMhVZ00sTCFIsTqHxVzhnYIUI7i	3		7	19
640	2023-04-12 16:50:57.273148+05:30	402	xjOSFAaTqGJbt9H8HnwuZlVDULTRYa	3		7	19
641	2023-04-12 16:50:57.27397+05:30	400	E9FpTIdhxkW0ivLWrKKorac4zTvIpq	3		7	19
642	2023-04-12 16:50:57.27397+05:30	393	SGH3P81p52ADqwlUk5vOBWHuv0xxUn	3		7	19
643	2023-04-12 16:50:57.274977+05:30	392	9exmCUJhgtjiZ25WEN07AZFPrr0e5z	3		7	19
644	2023-04-12 16:50:57.274977+05:30	388	yiaW0dPo1xqfB6fFLPprjtpp4xDp78	3		7	19
645	2023-04-12 16:50:57.274977+05:30	385	J3aUpb3Jst9BkZXAUk4tW7orca7tgE	3		7	19
646	2023-04-12 16:50:57.275975+05:30	384	THWKJw18aorM124eZD1RWznVpIUE29	3		7	19
647	2023-04-12 16:50:57.275975+05:30	381	H22fn5w15ywq5TwXbbmmhR5J7oVNzB	3		7	19
648	2023-04-12 16:50:57.275975+05:30	379	GsdgtBKCa1cNHwXIt30pDpMKcIBR8o	3		7	19
649	2023-04-12 16:50:57.276976+05:30	378	ATbiOTh8h20TPOO0cRFEZUIUfJkg4z	3		7	19
650	2023-04-12 16:50:57.276976+05:30	377	8nEihi83vP4lBC5MyJkVOHED6FSzeY	3		7	19
651	2023-04-12 16:50:57.277976+05:30	376	vjcYfyNFpUsLxZFjfsXfnSoEXXuzdS	3		7	19
652	2023-04-12 16:50:57.277976+05:30	374	pryjpsXflwI49gvCDoSGy9USBEqQbi	3		7	19
653	2023-04-12 16:50:57.277976+05:30	373	NpMjOr0TNr313tCbUiwquF6HbQG6uJ	3		7	19
654	2023-04-12 16:50:57.278975+05:30	372	wuNiDh1EaeP5rmeH34tAUYq09v47XB	3		7	19
655	2023-04-12 16:50:57.278975+05:30	370	gqfyOSw7kMtVLfPgEJ4jI5jmAmLZx4	3		7	19
656	2023-04-12 16:50:57.278975+05:30	366	aXTnZWuFLK7HLJddGb2zRQT5ozW5TH	3		7	19
657	2023-04-12 16:50:57.279975+05:30	364	AUk8n5ladwfuis0m5gpqMm54QgGfdL	3		7	19
658	2023-04-12 16:50:57.279975+05:30	363	hxCzkPyrsBj8TlaaYlnmSfnFor3C1h	3		7	19
659	2023-04-12 16:50:57.279975+05:30	361	7rCrmb1eG0CgXhLFN0bl12ccxTuWrs	3		7	19
660	2023-04-12 16:50:57.280976+05:30	359	cF1txlJy66fRTKEoCIKwpeOfRUem62	3		7	19
661	2023-04-12 16:50:57.280976+05:30	357	vMkLZwkBBuXhIJcd96LNtOpl14mBL5	3		7	19
662	2023-04-12 16:50:57.281977+05:30	356	nIQ0wSRj53YcA4FTwMfPUrvZRPgby7	3		7	19
663	2023-04-12 16:50:57.281977+05:30	355	cvgdBvYbINmxmEhN9aURVkfKqxbjKW	3		7	19
664	2023-04-12 16:50:57.281977+05:30	353	IAZ5uTAe17ZvZCBgUnNX17I8Rg5gnR	3		7	19
665	2023-04-12 16:50:57.282975+05:30	352	hFKA70dm3pKfW1DCEorDAYmzjz8HaZ	3		7	19
666	2023-04-12 16:50:57.283978+05:30	350	QuVsgeXurckVKJg2RLvvqUNyJm6Jcp	3		7	19
667	2023-04-12 16:50:57.283978+05:30	349	1HN8Ayco2XHnGbiNNJc3ghzoXnPY1B	3		7	19
668	2023-04-12 16:50:57.285977+05:30	347	HKlAaHhMUlUKeBI7VAlzi8VlKW7s8Y	3		7	19
669	2023-04-12 16:50:57.285977+05:30	346	f3r2qgtlsJaxhyTOsGcmyKuodaJE6N	3		7	19
670	2023-04-12 16:50:57.286978+05:30	344	AUGPprO8baH7sUMpXUsJKFfAmbEeI4	3		7	19
671	2023-04-12 16:50:57.286978+05:30	342	mcR8qk6BC0zEcVBDXMwQYe2sEFSgT1	3		7	19
672	2023-04-12 16:51:12.093114+05:30	425	vMtTUUyn8usa3fvO2saTqSF5Ypbzzn	3		9	19
673	2023-04-12 16:51:12.105241+05:30	424	XGoEDWzY9ZOoxCGl2QIuHjZdspodU3	3		9	19
674	2023-04-12 16:51:12.107214+05:30	423	jl6qHSee2nGtBX0OXBUOu6eTbD3y9D	3		9	19
675	2023-04-12 16:51:12.108121+05:30	422	Gw2f87k9SUEubbnfeiRtNL0jdRqfbQ	3		9	19
676	2023-04-12 16:51:12.109209+05:30	421	JwwzztXYL5cSBcNvoTYULi8YX9IaGy	3		9	19
677	2023-04-12 16:51:12.110217+05:30	420	dmclPIjTxmaQAw8XAMPwFmev9IQOdG	3		9	19
678	2023-04-12 16:51:12.111117+05:30	419	5yQTqlB4zrZ4E2raYH6NFtGRuJi0Aw	3		9	19
679	2023-04-12 16:51:12.111602+05:30	418	cRujzs8D2t6NIgHSulS65FJMmrEU7A	3		9	19
680	2023-04-12 16:51:12.112615+05:30	417	GqPHLphjXPa2jcSHDbpQTAXDYD3rW8	3		9	19
681	2023-04-12 16:51:12.114614+05:30	416	21SEbz7eiCybACVJD8AiZWyotOSL9G	3		9	19
682	2023-04-12 16:51:12.114614+05:30	415	57SNyx9lsB3MfmfepsVJo4BUI2XReK	3		9	19
683	2023-04-12 16:51:12.115644+05:30	414	rtnweCgQH6Ur85Arr1FfMxvkzDpRDY	3		9	19
684	2023-04-12 16:51:12.116624+05:30	413	eGbjnJLxBHkr0BXcMMpI6BRxK9zERu	3		9	19
685	2023-04-12 16:51:12.117617+05:30	412	nrJQmEZYZzz3RQPcjYNLjocqQ6m4i8	3		9	19
686	2023-04-12 16:51:12.119613+05:30	408	FncPgyTqDuEHSVXfnhyvAatiwuI4v3	3		9	19
687	2023-04-12 16:51:12.120613+05:30	406	83N3VZbj2D6YA1PDJvTQ89MmLyYd4P	3		9	19
688	2023-04-12 16:51:12.121619+05:30	405	gGymgrSv5jrSxDrqbm4g5U9cbVqpvK	3		9	19
689	2023-04-12 16:51:12.122616+05:30	402	lz2MEGMHAarKfFd7T1RsOolnj6PQGr	3		9	19
690	2023-04-12 16:51:12.12362+05:30	400	KArnBWwQbfiuGS16avCry1rFzJtepY	3		9	19
691	2023-04-12 16:51:12.12462+05:30	393	zOfFkArHX7CcaJFj5Dov1rGNerfaXF	3		9	19
692	2023-04-12 16:51:12.125619+05:30	392	eC8VqJNaVhTghl9jS2JhDXLPOjQeXA	3		9	19
693	2023-04-12 16:51:12.126616+05:30	388	MHLnfssDs7ggxFOHQGrEcBMEZqIWt7	3		9	19
694	2023-04-12 16:51:12.126616+05:30	385	zYoVPJlqIfchSmQLrhKEfFvq3hOXuC	3		9	19
695	2023-04-12 16:51:12.127646+05:30	384	VswNnEabNedqGoDzfstLBnI9fWTYOR	3		9	19
696	2023-04-12 16:51:12.12865+05:30	381	tTlqW2AlqgKHHG9lVyFOmQKuNGG6Xh	3		9	19
697	2023-04-12 16:51:12.129635+05:30	379	JRAWhSUNEkMVNvS5f5RWppTmekJWFB	3		9	19
698	2023-04-12 16:51:12.130618+05:30	378	gxMpvYgRYd98WfjdwUSMRZtFsVSRVS	3		9	19
699	2023-04-12 16:51:12.131619+05:30	377	2GO7QovFh8lv1PMIvyPKCCNeEcB2QE	3		9	19
700	2023-04-12 16:51:12.132614+05:30	376	P4Swt8ULwHGveAijxZxRc6gMJIeZl6	3		9	19
701	2023-04-12 16:51:12.133619+05:30	374	fvRbfGb5es4i12W8ZMi0829K0diGWv	3		9	19
702	2023-04-12 16:51:12.133619+05:30	373	uCvUiHyS1pAPjx75nwC8QUyMPh6tSI	3		9	19
703	2023-04-12 16:51:12.134619+05:30	372	CWpGP3PLFfGFaoQU4H4ViCf5QLzOb4	3		9	19
704	2023-04-12 16:51:12.134619+05:30	370	XkeOiX1AnKqYsAjXpZfHuT9aF87J5p	3		9	19
705	2023-04-12 16:51:12.135619+05:30	366	Y4Lw0ULlJRDInSVnacwlieJWFPV9hW	3		9	19
706	2023-04-12 16:51:12.135619+05:30	364	PPciEwVO3oe9q4PJsdXOOUwtcTnYGz	3		9	19
707	2023-04-12 16:51:12.135619+05:30	363	phwok43KPEJQf6XCoBqNdoT3XgCKD7	3		9	19
708	2023-04-12 16:51:12.136659+05:30	361	JOq8yJYR9rnvjPgibUXtr0wBBkboJu	3		9	19
709	2023-04-12 16:51:12.136659+05:30	359	SqsXlWhae2Zhmr0VfdkNZFb8NXf2PW	3		9	19
710	2023-04-12 16:51:12.137621+05:30	357	BLrXD0gvOZUEs12fAB5NDuoNxf0ckq	3		9	19
711	2023-04-12 16:51:12.137621+05:30	356	U9cAXIFc2fq7jvBHYIetJcVerK8glA	3		9	19
712	2023-04-12 16:51:12.137621+05:30	355	0bM0xH3xKENG3W6i8U31s98NpvseAt	3		9	19
713	2023-04-12 16:51:12.138614+05:30	353	s6lMGiHL3q33sUCqdWwOKyKpXAHmyB	3		9	19
714	2023-04-12 16:51:12.138614+05:30	352	ASosjGMelKCL1ltGV3BDuusPQzYYUh	3		9	19
715	2023-04-12 16:51:12.139619+05:30	350	TUmdEgHCE9inEIgDYJKxhQjT7IrEu6	3		9	19
716	2023-04-12 16:51:12.139619+05:30	349	3J1MYUcTo2YDHoWJUuqXNyqXkWQia6	3		9	19
717	2023-04-12 16:51:12.139619+05:30	347	4aMr7MJWoJ180LB0UKsUmVX16NaoWe	3		9	19
718	2023-04-12 16:51:12.140614+05:30	346	Jk1Qkfgx5mGoacVezKYeRLcyOJ3X6g	3		9	19
719	2023-04-12 16:51:12.140614+05:30	344	3Fr1GsyXc9z7USo3TDPsUQa4UybzrW	3		9	19
720	2023-04-12 16:51:12.141619+05:30	342	HMSnEPA5A6BMux8LMOQJsmKTyFwaqL	3		9	19
721	2023-04-12 17:05:30.06192+05:30	46	admin@gmail.com	3		16	19
722	2023-04-12 17:05:34.677222+05:30	56	admissiondelhibannoottan@gmail.com	3		16	19
723	2023-04-12 17:05:56.019738+05:30	5	aAmrbTrubk7YDaIVEKSA3DeyI4XdQNRZPZsRA6BL	3		6	19
724	2023-04-12 17:07:08.437099+05:30	6	W4lVDAicng5GIRJ4iMf6uq4IumaencMzDcJQii9P	1	[{"added": {}}]	6	19
725	2023-04-12 17:50:46.27547+05:30	14	bannawandoor@gmail.com	2	[]	14	19
726	2023-04-12 17:57:59.097942+05:30	58	admissiondelhibannoottan@gmail.com	2	[]	16	19
727	2023-04-12 18:08:15.685666+05:30	57	contentpooocha@gmail.com	2	[{"changed": {"fields": ["Gender"]}}]	16	19
728	2023-04-12 20:58:40.837391+05:30	1	HasanulBanna	2	[{"changed": {"fields": ["Packages"]}}]	25	19
729	2023-04-13 10:40:49.714224+05:30	44	Explore Utharakhand	1	[{"added": {}}]	21	19
730	2023-04-13 12:10:30.135342+05:30	17	Kedarkantha Trek	2	[{"changed": {"fields": ["Itinerary pdf"]}}]	19	19
731	2023-04-13 12:10:45.474601+05:30	17	Kedarkantha Trek	2	[{"changed": {"fields": ["Itinerary pdf"]}}]	19	19
732	2023-04-13 14:09:46.386857+05:30	57	contentpooocha@gmail.com	2	[{"changed": {"fields": ["Address"]}}]	16	19
733	2023-04-13 21:23:54.246301+05:30	12	contentpooocha@gmail.com  on Kedarkantha Trek	3		18	19
734	2023-04-13 21:23:54.254138+05:30	11	contentpooocha@gmail.com  on Kedarkantha Trek	3		18	19
735	2023-04-13 21:23:54.255154+05:30	10	bannawandoor@gmail.com  on Shades of Kodaikanal	3		18	19
736	2023-04-13 21:23:54.256229+05:30	9	bannawandoor@gmail.com  on Shades of Kodaikanal	3		18	19
737	2023-04-13 21:23:54.257227+05:30	8	bannawandoor@gmail.com  on Shades of Kodaikanal	3		18	19
738	2023-04-13 21:23:54.258228+05:30	7	bannawandoor@gmail.com  on Kedarkantha Trek	3		18	19
739	2023-04-13 21:23:54.260184+05:30	6	bannawandoor@gmail.com  on Kedarkantha Trek	3		18	19
740	2023-04-15 09:23:53.886587+05:30	20	contentpooocha@gmail.com  on Kedarkantha Trek	3		18	19
741	2023-04-15 09:44:18.684581+05:30	58	admissiondelhibannoottan@gmail.com	3		16	19
742	2023-04-16 11:30:33.241161+05:30	1	Coupon object (1)	1	[{"added": {}}]	26	19
743	2023-04-16 11:47:44.496799+05:30	1	Coupon object (1)	2	[{"changed": {"fields": ["Expiration date"]}}]	26	19
744	2023-04-16 11:48:00.816584+05:30	1	Coupon object (1)	2	[{"changed": {"fields": ["Expiration date"]}}]	26	19
745	2023-04-16 12:18:27.939026+05:30	1	Coupon object (1)	1	[{"added": {}}]	30	19
746	2023-04-16 12:20:07.750117+05:30	1	Enroute Special bannawandoor@gmail.com	1	[{"added": {}}]	29	19
747	2023-04-16 12:42:09.497645+05:30	1	Enroute Special	2	[{"changed": {"fields": ["Expiration date"]}}]	30	19
748	2023-04-16 12:50:24.635578+05:30	2	Vishu Offer	1	[{"added": {}}]	30	19
749	2023-04-16 12:50:33.777613+05:30	2	Vishu Offer bannawandoor@gmail.com	1	[{"added": {}}]	29	19
750	2023-04-16 13:12:12.708154+05:30	2	Vishu Offer	2	[{"changed": {"fields": ["Expiration date"]}}]	30	19
751	2023-04-16 14:35:12.768474+05:30	3	Eid Offer	1	[{"added": {}}]	30	19
752	2023-04-16 14:35:22.498386+05:30	3	Eid Offer bannawandoor@gmail.com	1	[{"added": {}}]	29	19
753	2023-04-16 15:25:02.138401+05:30	1	Enroute Special bannawandoor@gmail.com	3		29	19
754	2023-04-16 15:25:06.410028+05:30	2	Vishu Offer bannawandoor@gmail.com	3		29	19
755	2023-04-17 11:33:24.8978+05:30	3	Eid Offer	2	[]	30	19
756	2023-04-17 11:35:38.144872+05:30	3	Eid Offer	2	[{"changed": {"fields": ["Expiration date"]}}]	30	19
757	2023-04-18 14:52:59.765518+05:30	95	hasanulbanna booked	3		31	19
758	2023-04-18 14:52:59.780024+05:30	94	hasanulbanna booked	3		31	19
759	2023-04-18 14:52:59.78202+05:30	93	hasanulbanna booked	3		31	19
760	2023-04-18 14:52:59.783059+05:30	92	hasanulbanna booked	3		31	19
761	2023-04-18 14:52:59.784024+05:30	91	hasanulbanna booked	3		31	19
762	2023-04-18 14:52:59.785044+05:30	90	hasanulbanna booked	3		31	19
763	2023-04-18 14:52:59.785787+05:30	89	hasanulbanna booked	3		31	19
764	2023-04-18 14:52:59.786796+05:30	88	hasanulbanna booked	3		31	19
765	2023-04-18 14:52:59.786796+05:30	87	hasanulbanna booked	3		31	19
766	2023-04-18 14:52:59.788797+05:30	86	hasanulbanna booked	3		31	19
767	2023-04-18 14:52:59.789795+05:30	85	hasanulbanna booked	3		31	19
768	2023-04-18 14:52:59.790797+05:30	84	hasanulbanna booked	3		31	19
769	2023-04-18 14:52:59.791822+05:30	83	hasanulbanna booked	3		31	19
770	2023-04-18 14:52:59.792831+05:30	82	hasanulbanna booked	3		31	19
771	2023-04-18 14:52:59.793796+05:30	81	hasanulbanna booked	3		31	19
772	2023-04-18 14:52:59.794795+05:30	80	hasanulbanna booked	3		31	19
773	2023-04-18 14:52:59.795806+05:30	79	hasanulbanna booked	3		31	19
774	2023-04-18 14:52:59.796802+05:30	78	hasanulbanna booked	3		31	19
775	2023-04-18 14:52:59.797804+05:30	77	hasanulbanna booked	3		31	19
776	2023-04-18 14:52:59.798794+05:30	76	hasanulbanna booked	3		31	19
777	2023-04-18 14:52:59.799795+05:30	75	hasanulbanna booked	3		31	19
778	2023-04-18 14:52:59.800795+05:30	74	hasanulbanna booked	3		31	19
779	2023-04-18 14:52:59.801811+05:30	73	hasanulbanna booked	3		31	19
780	2023-04-18 14:52:59.803006+05:30	72	hasanulbanna booked	3		31	19
781	2023-04-18 14:52:59.804036+05:30	71	hasanulbanna booked	3		31	19
782	2023-04-18 14:52:59.805036+05:30	70	hasanulbanna booked	3		31	19
783	2023-04-18 14:52:59.806068+05:30	69	hasanulbanna booked	3		31	19
784	2023-04-18 14:52:59.807015+05:30	68	hasanulbanna booked	3		31	19
785	2023-04-18 14:52:59.807015+05:30	67	hasanulbanna booked	3		31	19
786	2023-04-18 14:52:59.809016+05:30	66	hasanulbanna booked	3		31	19
787	2023-04-18 14:52:59.810022+05:30	65	hasanulbanna booked	3		31	19
788	2023-04-18 14:52:59.811253+05:30	64	hasanulbanna booked	3		31	19
789	2023-04-18 14:52:59.812287+05:30	63	hasanulbanna booked	3		31	19
790	2023-04-18 14:52:59.813262+05:30	62	hasanulbanna booked	3		31	19
791	2023-04-18 14:52:59.814262+05:30	61	hasanulbanna booked	3		31	19
792	2023-04-18 14:52:59.815262+05:30	60	hasanulbanna booked	3		31	19
793	2023-04-18 14:52:59.816262+05:30	59	hasanulbanna booked	3		31	19
794	2023-04-18 14:52:59.817303+05:30	58	hasanulbanna booked	3		31	19
795	2023-04-18 14:52:59.818319+05:30	57	hasanulbanna booked	3		31	19
796	2023-04-18 14:52:59.819328+05:30	56	hasanulbanna booked	3		31	19
797	2023-04-18 14:52:59.820365+05:30	55	hasanulbanna booked	3		31	19
798	2023-04-18 14:52:59.821358+05:30	54	hasanulbanna booked	3		31	19
799	2023-04-18 14:52:59.822354+05:30	53	hasanulbanna booked	3		31	19
800	2023-04-18 14:52:59.823266+05:30	52	hasanulbanna booked	3		31	19
801	2023-04-18 14:52:59.824266+05:30	51	hasanulbanna booked	3		31	19
802	2023-04-18 14:52:59.825314+05:30	50	hasanulbanna booked	3		31	19
803	2023-04-18 14:52:59.826302+05:30	49	hasanulbanna booked	3		31	19
804	2023-04-18 14:52:59.827267+05:30	48	hasanulbanna booked	3		31	19
805	2023-04-18 14:52:59.827267+05:30	47	hasanulbanna booked	3		31	19
806	2023-04-18 14:52:59.828261+05:30	46	hasanulbanna booked	3		31	19
807	2023-04-18 14:52:59.830264+05:30	45	hasanulbanna booked	3		31	19
808	2023-04-18 14:52:59.831263+05:30	44	hasanulbanna booked	3		31	19
809	2023-04-18 14:52:59.832077+05:30	43	hasanulbanna booked	3		31	19
810	2023-04-18 14:52:59.832077+05:30	42	hasanulbanna booked	3		31	19
811	2023-04-18 14:52:59.833188+05:30	41	hasanulbanna booked	3		31	19
812	2023-04-18 14:52:59.834085+05:30	40	hasanulbanna booked	3		31	19
813	2023-04-18 14:52:59.834085+05:30	39	hasanulbanna booked	3		31	19
814	2023-04-18 14:52:59.835133+05:30	38	hasanulbanna booked	3		31	19
815	2023-04-18 14:52:59.836083+05:30	37	hasanulbanna booked	3		31	19
816	2023-04-18 14:52:59.837085+05:30	36	hasanulbanna booked	3		31	19
817	2023-04-18 14:52:59.838085+05:30	35	hasanulbanna booked	3		31	19
818	2023-04-18 14:52:59.838085+05:30	34	hasanulbanna booked	3		31	19
819	2023-04-18 14:52:59.839101+05:30	33	hasanulbanna booked	3		31	19
820	2023-04-18 14:52:59.840084+05:30	32	hasanulbanna booked	3		31	19
821	2023-04-18 14:52:59.841084+05:30	31	hasanulbanna booked	3		31	19
822	2023-04-18 14:52:59.842087+05:30	30	hasanulbanna booked	3		31	19
823	2023-04-18 14:52:59.843087+05:30	29	hasanulbanna booked	3		31	19
824	2023-04-18 14:52:59.844085+05:30	28	hasanulbanna booked	3		31	19
825	2023-04-18 14:52:59.845083+05:30	27	hasanulbanna booked	3		31	19
826	2023-04-18 14:52:59.846087+05:30	26	hasanulbanna booked	3		31	19
827	2023-04-18 14:52:59.846087+05:30	25	hasanulbanna booked	3		31	19
828	2023-04-18 14:52:59.848097+05:30	24	hasanulbanna booked	3		31	19
829	2023-04-18 14:52:59.848713+05:30	23	hasanulbanna booked	3		31	19
830	2023-04-18 14:52:59.849719+05:30	22	hasanulbanna booked	3		31	19
831	2023-04-18 14:52:59.849719+05:30	21	hasanulbanna booked	3		31	19
832	2023-04-18 14:52:59.850764+05:30	20	hasanulbanna booked	3		31	19
833	2023-04-18 14:52:59.851748+05:30	19	hasanulbanna booked	3		31	19
834	2023-04-18 14:52:59.852719+05:30	18	hasanulbanna booked	3		31	19
835	2023-04-18 14:52:59.853719+05:30	17	hasanulbanna booked	3		31	19
836	2023-04-18 14:52:59.854722+05:30	16	hasanulbanna booked	3		31	19
837	2023-04-18 14:52:59.85572+05:30	15	hasanulbanna booked	3		31	19
838	2023-04-18 14:52:59.856719+05:30	14	hasanulbanna booked	3		31	19
839	2023-04-18 14:52:59.857718+05:30	13	hasanulbanna booked	3		31	19
840	2023-04-18 14:52:59.858719+05:30	12	hasanulbanna booked	3		31	19
841	2023-04-18 14:52:59.859718+05:30	11	hasanulbanna booked	3		31	19
842	2023-04-18 14:52:59.859718+05:30	10	hasanulbanna booked	3		31	19
843	2023-04-18 14:52:59.86072+05:30	9	hasanulbanna booked	3		31	19
844	2023-04-18 14:52:59.861757+05:30	8	hasanulbanna booked	3		31	19
845	2023-04-18 14:52:59.862719+05:30	7	hasanulbanna booked	3		31	19
846	2023-04-18 14:52:59.862719+05:30	6	hasanulbanna booked	3		31	19
847	2023-04-18 14:52:59.863757+05:30	5	hasanulbanna booked	3		31	19
848	2023-04-18 14:52:59.865099+05:30	4	hasanulbanna booked	3		31	19
849	2023-04-18 14:52:59.865414+05:30	3	hasanulbanna booked	3		31	19
850	2023-04-18 14:52:59.866421+05:30	2	hasanulbanna booked	3		31	19
851	2023-04-18 14:52:59.867422+05:30	1	hasanulbanna booked	3		31	19
852	2023-04-18 17:18:00.802511+05:30	183	hasanul banna booked	3		31	19
853	2023-04-18 17:18:00.810892+05:30	182	hasanul banna booked	3		31	19
854	2023-04-18 17:18:00.811853+05:30	181	hasanul banna booked	3		31	19
855	2023-04-18 17:18:00.811853+05:30	180	hasanul banna booked	3		31	19
856	2023-04-18 17:18:00.812899+05:30	179	hasanul banna booked	3		31	19
857	2023-04-18 17:18:00.813851+05:30	178	hasanul banna booked	3		31	19
858	2023-04-18 17:18:00.814851+05:30	177	hasanul banna booked	3		31	19
859	2023-04-18 17:18:00.815855+05:30	176	hasanul banna booked	3		31	19
860	2023-04-18 17:18:00.815855+05:30	175	hasanul banna booked	3		31	19
861	2023-04-18 17:18:00.816938+05:30	174	hasanul banna booked	3		31	19
862	2023-04-18 17:18:00.817854+05:30	173	hasanul banna booked	3		31	19
863	2023-04-18 17:18:00.817854+05:30	172	hasanul banna booked	3		31	19
864	2023-04-18 17:18:00.818898+05:30	171	hasanul banna booked	3		31	19
865	2023-04-18 17:18:00.819898+05:30	170	hasanul banna booked	3		31	19
866	2023-04-18 17:18:00.821156+05:30	169	hasanul banna booked	3		31	19
867	2023-04-18 17:18:00.822162+05:30	168	hasanul banna booked	3		31	19
868	2023-04-18 17:18:00.823163+05:30	167	hasanul banna booked	3		31	19
869	2023-04-18 17:18:00.824163+05:30	166	hasanul banna booked	3		31	19
870	2023-04-18 17:18:00.825165+05:30	165	hasanul banna booked	3		31	19
871	2023-04-18 17:18:00.826629+05:30	164	hasanul banna booked	3		31	19
872	2023-04-18 17:18:00.827637+05:30	163	hasanul banna booked	3		31	19
873	2023-04-18 17:18:00.828637+05:30	162	hasanul banna booked	3		31	19
874	2023-04-18 17:18:00.830388+05:30	161	hasanul banna booked	3		31	19
875	2023-04-18 17:18:00.831395+05:30	160	hasanul banna booked	3		31	19
876	2023-04-18 17:18:00.831395+05:30	159	hasanul banna booked	3		31	19
877	2023-04-18 17:18:00.832395+05:30	158	hasanul banna booked	3		31	19
878	2023-04-18 17:18:00.833395+05:30	157	hasanul banna booked	3		31	19
879	2023-04-18 17:18:00.833395+05:30	156	hasanul banna booked	3		31	19
880	2023-04-18 17:18:00.834397+05:30	155	hasanul banna booked	3		31	19
881	2023-04-18 17:18:00.835447+05:30	154	hasanul banna booked	3		31	19
882	2023-04-18 17:18:00.836395+05:30	153	hasanul banna booked	3		31	19
883	2023-04-18 17:18:00.839397+05:30	152	hasanul banna booked	3		31	19
884	2023-04-18 17:18:00.840614+05:30	151	hasanul banna booked	3		31	19
885	2023-04-18 17:18:00.842668+05:30	150	hasanul banna booked	3		31	19
886	2023-04-18 17:18:00.84364+05:30	149	hasanul banna booked	3		31	19
887	2023-04-18 17:18:00.844639+05:30	148	hasanul banna booked	3		31	19
888	2023-04-18 17:18:00.845623+05:30	147	hasanul banna booked	3		31	19
889	2023-04-18 17:18:00.846869+05:30	146	hasanul banna booked	3		31	19
890	2023-04-18 17:18:00.848264+05:30	145	hasanul banna booked	3		31	19
891	2023-04-18 17:18:00.849273+05:30	144	hasanul banna booked	3		31	19
892	2023-04-18 17:18:00.850305+05:30	143	hasanul banna booked	3		31	19
893	2023-04-18 17:18:00.850305+05:30	142	hasanul banna booked	3		31	19
894	2023-04-18 17:18:00.851305+05:30	141	hasanul banna booked	3		31	19
895	2023-04-18 17:18:00.852273+05:30	140	hasanul banna booked	3		31	19
896	2023-04-18 17:18:00.853273+05:30	139	hasanul banna booked	3		31	19
897	2023-04-18 17:18:00.854278+05:30	138	hasanul banna booked	3		31	19
898	2023-04-18 17:18:00.855272+05:30	137	hasanul banna booked	3		31	19
899	2023-04-18 17:18:00.85728+05:30	136	hasanul banna booked	3		31	19
900	2023-04-18 17:18:00.858276+05:30	135	hasanul banna booked	3		31	19
901	2023-04-18 17:18:00.859273+05:30	134	hasanul banna booked	3		31	19
902	2023-04-18 17:18:00.860275+05:30	133	hasanul banna booked	3		31	19
903	2023-04-18 17:18:00.861274+05:30	132	hasanul banna booked	3		31	19
904	2023-04-18 17:18:00.862271+05:30	131	hasanul banna booked	3		31	19
905	2023-04-18 17:18:00.863273+05:30	130	hasanul banna booked	3		31	19
906	2023-04-18 17:18:00.864269+05:30	129	hasanul banna booked	3		31	19
907	2023-04-18 17:18:00.865273+05:30	128	hasanul banna booked	3		31	19
908	2023-04-18 17:18:00.86625+05:30	127	hasanul banna booked	3		31	19
909	2023-04-18 17:18:00.86625+05:30	126	hasanul banna booked	3		31	19
910	2023-04-18 17:18:00.868315+05:30	125	hasanul banna booked	3		31	19
911	2023-04-18 17:18:00.869361+05:30	124	hasanul banna booked	3		31	19
912	2023-04-18 17:18:00.869361+05:30	123	hasanul banna booked	3		31	19
913	2023-04-18 17:18:00.870343+05:30	122	hasanul banna booked	3		31	19
914	2023-04-18 17:18:00.872781+05:30	121	hasanul banna booked	3		31	19
915	2023-04-18 17:18:00.873786+05:30	120	hasanul banna booked	3		31	19
916	2023-04-18 17:18:00.874887+05:30	119	hasanul banna booked	3		31	19
917	2023-04-18 17:18:00.87578+05:30	118	hasanul banna booked	3		31	19
918	2023-04-18 17:18:00.876822+05:30	117	hasanul banna booked	3		31	19
919	2023-04-18 17:18:00.877783+05:30	116	hasanul banna booked	3		31	19
920	2023-04-18 17:18:00.877783+05:30	115	hasanul banna booked	3		31	19
921	2023-04-18 17:18:00.87878+05:30	114	hasanul banna booked	3		31	19
922	2023-04-18 17:18:00.879785+05:30	113	hasanul banna booked	3		31	19
923	2023-04-18 17:18:00.880785+05:30	112	hasanul banna booked	3		31	19
924	2023-04-18 17:18:00.881779+05:30	111	hasanul banna booked	3		31	19
925	2023-04-18 17:18:00.881779+05:30	110	hasanul banna booked	3		31	19
926	2023-04-18 17:18:00.882825+05:30	109	hasanul banna booked	3		31	19
927	2023-04-18 17:18:00.883781+05:30	108	hasanul banna booked	3		31	19
928	2023-04-18 17:18:00.883781+05:30	107	hasanul banna booked	3		31	19
929	2023-04-18 17:18:00.884861+05:30	106	hasanul banna booked	3		31	19
930	2023-04-18 17:18:00.885818+05:30	105	hasanul banna booked	3		31	19
931	2023-04-18 17:18:00.886778+05:30	104	hasanul banna booked	3		31	19
932	2023-04-18 17:18:00.887785+05:30	103	hasanul banna booked	3		31	19
933	2023-04-18 17:18:00.88878+05:30	102	hasanul banna booked	3		31	19
934	2023-04-18 17:18:00.88978+05:30	101	hasanul banna booked	3		31	19
935	2023-04-18 17:18:00.890781+05:30	100	hasanul banna booked	3		31	19
936	2023-04-18 17:18:00.892308+05:30	99	hasanul banna booked	3		31	19
937	2023-04-18 17:18:00.892689+05:30	98	hasanul banna booked	3		31	19
938	2023-04-18 17:18:00.893232+05:30	97	hasanul banna booked	3		31	19
939	2023-04-18 17:18:00.894308+05:30	96	hasanul banna booked	3		31	19
940	2023-04-19 11:21:42.256771+05:30	211	Hasanul Banna booked	2	[]	31	19
941	2023-04-19 11:21:51.359439+05:30	211	Hasanul Banna booked	3		31	19
942	2023-04-19 11:21:51.374479+05:30	210	Hasanul Banna booked	3		31	19
943	2023-04-19 11:21:51.376178+05:30	209	Hasanul Banna booked	3		31	19
944	2023-04-19 11:21:51.376688+05:30	208	Hasanul Banna booked	3		31	19
945	2023-04-19 11:21:51.37773+05:30	207	Hasanul Banna booked	3		31	19
946	2023-04-19 11:21:51.378779+05:30	206	Hasanul Banna booked	3		31	19
947	2023-04-19 11:21:51.379718+05:30	205	Hasanul Banna booked	3		31	19
948	2023-04-19 11:21:51.380706+05:30	204	Hasanul Banna booked	3		31	19
949	2023-04-19 11:21:51.381698+05:30	203	Content Poocha booked	3		31	19
950	2023-04-19 11:21:51.382696+05:30	202	Content Poocha booked	3		31	19
951	2023-04-19 11:21:51.383772+05:30	201	Hasanul Banna booked	3		31	19
952	2023-04-19 11:21:51.384801+05:30	200	Hasanul Banna booked	3		31	19
953	2023-04-19 11:21:51.38573+05:30	199	Hasanul Banna booked	3		31	19
954	2023-04-19 11:21:51.386716+05:30	198	Hasanul Banna booked	3		31	19
955	2023-04-19 11:21:51.387694+05:30	197	Hasanul Banna booked	3		31	19
956	2023-04-19 11:21:51.387694+05:30	196	Hasanul Banna booked	3		31	19
957	2023-04-19 11:21:51.388695+05:30	195	Hasanul Banna booked	3		31	19
958	2023-04-19 11:21:51.389695+05:30	194	Hasanul Banna booked	3		31	19
959	2023-04-19 11:21:51.389695+05:30	193	Hasanul Banna booked	3		31	19
960	2023-04-19 11:21:51.390694+05:30	192	Hasanul Banna booked	3		31	19
961	2023-04-19 11:21:51.391694+05:30	191	Hasanul Banna booked	3		31	19
962	2023-04-19 11:21:51.391694+05:30	190	Hasanul Banna booked	3		31	19
963	2023-04-19 11:21:51.393155+05:30	189	Hasanul Banna booked	3		31	19
964	2023-04-19 11:21:51.393155+05:30	188	Hasanul Banna booked	3		31	19
965	2023-04-19 11:21:51.394186+05:30	187	Hasanul Banna booked	3		31	19
966	2023-04-19 11:21:51.395161+05:30	186	Hasanul Banna booked	3		31	19
967	2023-04-19 11:21:51.395161+05:30	185	Hasanul Banna booked	3		31	19
968	2023-04-19 11:21:51.396217+05:30	184	Hasanul Banna booked	3		31	19
969	2023-04-19 11:22:05.176826+05:30	3	Booking object (3)	3		27	19
970	2023-04-19 11:28:01.976925+05:30	6	Kedarkantha Trek booked by Hasanul Banna	3		27	19
971	2023-04-19 11:28:01.982924+05:30	5	Kedarkantha Trek booked by Hasanul Banna	3		27	19
972	2023-04-19 11:28:01.983924+05:30	4	Kedarkantha Trek booked by Hasanul Banna	3		27	19
973	2023-04-19 11:32:58.30846+05:30	7	Kedarkantha Trek booked by Hasanul Banna	2	[]	27	19
974	2023-04-19 11:55:31.40277+05:30	4	Eid Offer bannawandoor@gmail.com	1	[{"added": {}}]	29	19
975	2023-04-19 11:55:38.98008+05:30	5	Vishu Offer bannawandoor@gmail.com	1	[{"added": {}}]	29	19
976	2023-04-19 11:55:44.572009+05:30	6	Eid Offer bannawandoor@gmail.com	1	[{"added": {}}]	29	19
977	2023-04-19 11:56:01.51741+05:30	6	Eid Offer bannawandoor@gmail.com	3		29	19
978	2023-04-19 11:56:18.278076+05:30	3	Eid Offer	2	[{"changed": {"fields": ["Expiration date"]}}]	30	19
979	2023-04-19 12:13:08.07468+05:30	7	Vishu Offer bannawandoor@gmail.com	1	[{"added": {}}]	29	19
980	2023-04-19 12:15:34.639386+05:30	8	Vishu Offer bannawandoor@gmail.com	1	[{"added": {}}]	29	19
981	2023-04-19 12:16:16.41181+05:30	18	Kedarkantha Trek booked by Hasanul Banna	2	[]	27	19
982	2023-04-19 15:17:46.445534+05:30	27	Explore Manali booked by Hasanul Banna	3		27	19
983	2023-04-19 15:17:46.459534+05:30	26	Explore Manali booked by Hasanul Banna	3		27	19
984	2023-04-19 15:17:46.460647+05:30	25	Explore Rishikesh booked by Hasanul Banna	3		27	19
985	2023-04-19 15:17:46.46147+05:30	24	Explore Rishikesh booked by Hasanul Banna	3		27	19
986	2023-04-19 15:17:46.46147+05:30	23	Explore Rishikesh booked by Hasanul Banna	3		27	19
987	2023-04-19 15:17:46.462477+05:30	22	Explore Rishikesh booked by Hasanul Banna	3		27	19
988	2023-04-19 15:17:46.463482+05:30	21	Explore Rishikesh booked by Hasanul Banna	3		27	19
989	2023-04-19 15:17:46.463482+05:30	20	Explore Rishikesh booked by Hasanul Banna	3		27	19
990	2023-04-19 15:17:46.46448+05:30	19	Explore Rishikesh booked by Hasanul Banna	3		27	19
991	2023-04-19 15:17:46.46448+05:30	18	Kedarkantha Trek booked by Hasanul Banna	3		27	19
992	2023-04-19 15:17:46.465485+05:30	17	Kedarkantha Trek booked by Hasanul Banna	3		27	19
993	2023-04-19 15:17:46.466478+05:30	16	Enroute Special booked by Hasanul Banna	3		27	19
994	2023-04-19 15:17:46.466478+05:30	15	Kedarkantha Trek booked by Hasanul Banna	3		27	19
995	2023-04-19 15:17:46.46748+05:30	14	Valley Of Flowers booked by Hasanul Banna	3		27	19
996	2023-04-19 15:17:46.468476+05:30	13	Kedarkantha Trek booked by Hasanul Banna	3		27	19
997	2023-04-19 15:17:46.468476+05:30	12	Kedarkantha Trek booked by Hasanul Banna	3		27	19
998	2023-04-19 15:17:46.46948+05:30	11	Kedarkantha Trek booked by Content Poocha	3		27	19
999	2023-04-19 15:17:46.470477+05:30	10	Kedarkantha Trek booked by Content Poocha	3		27	19
1000	2023-04-19 15:17:46.470477+05:30	9	Kedarkantha Trek booked by Content Poocha	3		27	19
1001	2023-04-19 15:17:46.471477+05:30	8	Kedarkantha Trek booked by Hasanul Banna	3		27	19
1002	2023-04-19 15:17:46.471477+05:30	7	Kedarkantha Trek booked by Hasanul Banna	3		27	19
1003	2023-04-19 15:21:47.308683+05:30	28		3		27	19
1004	2023-04-19 15:52:14.939444+05:30	9	Vishu Offer bannawandoor@gmail.com	1	[{"added": {}}]	29	19
1005	2023-04-19 16:32:24.544113+05:30	36	c9fbc3bc-220d-489d-abd7-9793eb97b2e5	2	[]	27	19
1006	2023-04-19 16:32:28.85061+05:30	35	3d245996-b808-462b-9a34-19faa5a24506	2	[]	27	19
1007	2023-04-19 17:41:46.372102+05:30	10	Vishu Offer contentpooocha@gmail.com	1	[{"added": {}}]	29	19
1008	2023-04-20 12:57:19.524568+05:30	11	Vishu Offer bannawandoor@gmail.com	1	[{"added": {}}]	29	19
1009	2023-04-20 13:31:33.779386+05:30	12	Vishu Offer bannawandoor@gmail.com	3		29	19
1010	2023-04-20 13:31:37.837876+05:30	4	Eid Offer bannawandoor@gmail.com	3		29	19
1011	2023-04-20 13:32:15.847293+05:30	4	Bakreed Special	1	[{"added": {}}]	30	19
1012	2023-04-20 15:42:25.610593+05:30	24	Bakreed Special bannawandoor@gmail.com	3		29	19
1013	2023-04-20 15:42:25.614592+05:30	23	Bakreed Special bannawandoor@gmail.com	3		29	19
1014	2023-04-20 15:42:25.615595+05:30	22	Bakreed Special bannawandoor@gmail.com	3		29	19
1015	2023-04-20 15:42:25.616596+05:30	21	Bakreed Special bannawandoor@gmail.com	3		29	19
1016	2023-04-20 15:42:25.617595+05:30	20	Bakreed Special bannawandoor@gmail.com	3		29	19
1017	2023-04-20 15:42:25.618592+05:30	19	Bakreed Special bannawandoor@gmail.com	3		29	19
1018	2023-04-20 15:42:25.620592+05:30	18	Bakreed Special bannawandoor@gmail.com	3		29	19
1019	2023-04-20 15:42:25.621687+05:30	17	Bakreed Special bannawandoor@gmail.com	3		29	19
1020	2023-04-20 15:47:25.944942+05:30	26	Bakreed Special bannawandoor@gmail.com	3		29	19
1021	2023-04-20 15:47:25.947935+05:30	25	Bakreed Special bannawandoor@gmail.com	3		29	19
1022	2023-04-25 17:24:03.103085+05:30	118	1b089fe1-faf8-4080-b9d8-0fc0b26f50c1	3		27	19
1023	2023-04-25 17:24:03.126+05:30	117	652ae270-e3ca-460c-9b10-834e8cb15acb	3		27	19
1024	2023-04-25 17:24:03.127002+05:30	116	8e313d78-abed-4a7a-998e-9b1bc971bf2c	3		27	19
1025	2023-04-25 17:24:03.128002+05:30	115	4ba190d3-630d-4d46-af13-407d1883f9bb	3		27	19
1026	2023-04-25 17:24:03.128999+05:30	114	91d74b43-02eb-4eb7-9079-f34ce0ecc4eb	3		27	19
1027	2023-04-25 17:24:03.128999+05:30	113	8a52a2ce-9f29-4eca-8418-fe08b4602dad	3		27	19
1028	2023-04-25 17:24:03.130002+05:30	112	38e0895b-5e76-4674-a24c-f45c41aeda1b	3		27	19
1029	2023-04-25 17:24:03.130999+05:30	111	3665378b-da3a-41f6-8244-f34e09c13955	3		27	19
1030	2023-04-25 17:24:03.130999+05:30	110	2d4f705f-2a4d-44c7-8e68-574661017407	3		27	19
1031	2023-04-25 17:24:03.132002+05:30	109	301fd965-7c55-41dd-8e59-bbd27eec144d	3		27	19
1032	2023-04-25 17:24:03.132002+05:30	108	08e164b9-7d9c-4bbf-b56a-6e3830cd3f10	3		27	19
1033	2023-04-25 17:24:03.133001+05:30	107	8e56219d-8ee1-4fe0-bb90-e12dd2c76642	3		27	19
1034	2023-04-25 17:24:03.133001+05:30	106	e2993de9-ea66-4408-a44b-a41a0d287773	3		27	19
1035	2023-04-25 17:24:03.133001+05:30	105	ab33e82d-9e6d-47eb-9a4f-3e2eda0749d2	3		27	19
1036	2023-04-25 17:24:03.134001+05:30	104	e3eef034-5992-485e-8d8d-28ed59ef273a	3		27	19
1037	2023-04-25 17:24:03.134001+05:30	103	a4d4ae3d-bbc2-44fb-9c0d-dcdd0d652b01	3		27	19
1038	2023-04-25 17:24:03.135001+05:30	102	a9d16383-708c-4051-a355-212b915bc35b	3		27	19
1039	2023-04-25 17:24:03.135001+05:30	101	617e9245-ec82-4a0e-8543-bc0fda666b1c	3		27	19
1040	2023-04-25 17:24:03.135999+05:30	100	876856b7-d852-4112-a3d1-1413bb212fab	3		27	19
1041	2023-04-25 17:24:03.137044+05:30	99	5df47a87-ad92-4447-b7cd-bea6e934ec96	3		27	19
1042	2023-04-25 17:24:03.137044+05:30	98	1ec459f2-192e-45da-8289-38a478b02754	3		27	19
1043	2023-04-25 17:24:03.137044+05:30	97	f0fdbd8d-86fe-4952-9114-7a2dab06e8bf	3		27	19
1044	2023-04-25 17:24:03.138665+05:30	96	595bc67c-d2ac-4f4c-bdc0-5ce1d29d7649	3		27	19
1045	2023-04-25 17:24:03.138665+05:30	95	c86e1fd8-eebb-4986-a072-b7d3b1824a86	3		27	19
1046	2023-04-25 17:24:03.140005+05:30	94	7dd58c30-6a8c-43a0-93a4-dd863f58f05e	3		27	19
1047	2023-04-25 17:24:03.140005+05:30	93	a5f617ad-2b0c-40be-b162-f6fd22acbf18	3		27	19
1048	2023-04-25 17:24:03.141102+05:30	92	6a986972-ab0e-4a8c-9d1a-6f7846bbc385	3		27	19
1049	2023-04-25 17:24:03.141102+05:30	91	fdcc7448-3d7b-40d7-a874-31f3f0c151cc	3		27	19
1050	2023-04-25 17:24:03.142012+05:30	90	a8e9a1fc-ef43-47e8-89f3-d6d7cd3bd39e	3		27	19
1051	2023-04-25 17:24:03.143011+05:30	89	2db8471a-e416-444b-b0fc-7f1053d79ed8	3		27	19
1052	2023-04-25 17:24:03.143011+05:30	88	4967daec-15d5-4cbc-b86d-abb44a3a8132	3		27	19
1053	2023-04-25 17:24:03.144014+05:30	87	744eab80-a1cd-450b-adda-ea30c2fd1c0e	3		27	19
1054	2023-04-25 17:24:03.144014+05:30	86	43f9302f-3538-4bad-93ee-610dcd107760	3		27	19
1055	2023-04-25 17:24:03.144014+05:30	85	fc2e86d7-fa16-4621-844f-ade23567e07b	3		27	19
1056	2023-04-25 17:24:03.145012+05:30	84	887f92f3-b480-4712-884e-eaf379f27744	3		27	19
1057	2023-04-25 17:24:03.145012+05:30	83	848c440d-76f0-4ddb-9c26-e3fe1dabf412	3		27	19
1058	2023-04-25 17:24:03.146012+05:30	82	b8468465-b510-4614-a416-823dcaa8ab12	3		27	19
1059	2023-04-25 17:24:03.146012+05:30	81	0f89e351-c725-4514-8548-d75b6cbfa320	3		27	19
1060	2023-04-25 17:24:03.147012+05:30	80	03e5a620-b980-48bd-8e59-4392a29c0c7d	3		27	19
1061	2023-04-25 17:24:03.148012+05:30	79	f29c1960-2762-4650-9d41-6e968186aea6	3		27	19
1062	2023-04-25 17:24:03.148012+05:30	78	e7fb56d6-3e33-48e3-82d8-72f0fbda1ae7	3		27	19
1063	2023-04-25 17:24:03.148012+05:30	77	2bdcf50a-ce78-422b-9659-945c0997e5c4	3		27	19
1064	2023-04-25 17:24:03.149034+05:30	76	92bb1373-798c-4eab-9d3c-f16c720c1dd8	3		27	19
1065	2023-04-25 17:24:03.149034+05:30	75	1b7f8fee-a6d6-423e-9660-96b31fb5bb1b	3		27	19
1066	2023-04-25 17:24:03.149034+05:30	74	3067fcd1-23c0-44e6-b24d-a2526b46d01f	3		27	19
1067	2023-04-25 17:24:03.150013+05:30	73	e19b1338-d266-499e-bc24-0991dc703e56	3		27	19
1068	2023-04-25 17:24:03.150013+05:30	72	e56ca800-2cc5-4cd8-866f-014357fd8d58	3		27	19
1069	2023-04-25 17:24:03.151011+05:30	71	e10dcddb-b784-465c-ae30-4d3d5d2b381f	3		27	19
1070	2023-04-25 17:24:03.151011+05:30	70	77242398-b35e-47bd-8f73-71f999bc847c	3		27	19
1071	2023-04-25 17:24:03.152012+05:30	69	2c976f49-a7f6-4320-b42d-847f28e66b39	3		27	19
1072	2023-04-25 17:24:03.152012+05:30	68	4558280b-2f0a-4537-9c83-ea8c38c4dad4	3		27	19
1073	2023-04-25 17:24:03.152012+05:30	67	64010fbc-bdd0-4879-988c-e66c3611b516	3		27	19
1074	2023-04-25 17:24:03.153012+05:30	66	9ee187d7-3d13-4146-bec5-55021543106e	3		27	19
1075	2023-04-25 17:24:03.153012+05:30	65	8d618d29-aa7f-457b-aa9c-9b560763e4e7	3		27	19
1076	2023-04-25 17:24:03.153012+05:30	64	800597dc-b4af-4638-9b7d-c55d9ad65d72	3		27	19
1077	2023-04-25 17:24:03.154012+05:30	63	f5507c33-40d1-4a45-a209-07c5b2c6627d	3		27	19
1078	2023-04-25 17:24:03.154012+05:30	62	f7c3be0b-0b9f-41d0-a81d-42ceb90b8671	3		27	19
1079	2023-04-25 17:24:03.155026+05:30	61	38dae8c2-4e23-4e76-bb77-a7f37ba56919	3		27	19
1080	2023-04-25 17:24:03.155416+05:30	60	53063ece-4e34-4fff-b869-905f8149279b	3		27	19
1081	2023-04-25 17:24:03.155753+05:30	59	f59dd24b-1d6e-4f63-9d0f-709db290c56c	3		27	19
1082	2023-04-25 17:24:03.155753+05:30	58	617f9f2c-53cd-40d8-9927-affb0beaa7cb	3		27	19
1083	2023-04-25 17:24:03.157009+05:30	57	0bdfd204-69f3-40a5-a10b-f37f91162b6b	3		27	19
1084	2023-04-25 17:24:03.157009+05:30	56	08da2ae4-562d-4a74-a768-d4d7a9535c23	3		27	19
1085	2023-04-25 17:24:03.158017+05:30	55	819e07eb-882f-4298-a89e-0b0a712de5e9	3		27	19
1086	2023-04-25 17:24:03.159016+05:30	54	c5976f1a-587a-40cf-a683-20bff38ddae4	3		27	19
1087	2023-04-25 17:24:03.159016+05:30	53	fe4c1130-5e78-4c4e-9215-4d482d209555	3		27	19
1088	2023-04-25 17:24:03.160015+05:30	52	05ad92c5-c314-4384-927e-443320805adf	3		27	19
1089	2023-04-25 17:24:03.162015+05:30	51	61c04246-70c9-402d-b306-5572651d47ef	3		27	19
1090	2023-04-25 17:24:03.163018+05:30	50	f7537b35-0e10-4ed2-a5aa-0abb36efa695	3		27	19
1091	2023-04-25 17:24:03.165052+05:30	49	7f7e247d-b5c8-4927-99a6-bfd54a566fed	3		27	19
1092	2023-04-25 17:24:03.16602+05:30	48	aa5f8e0a-67c5-4ee7-8fce-4214eeefd918	3		27	19
1093	2023-04-25 17:24:03.167015+05:30	47	c09a8051-1a29-449b-8571-75c26d92c068	3		27	19
1094	2023-04-25 17:24:03.167015+05:30	46	b558667f-5858-4879-b236-37f4f2456722	3		27	19
1095	2023-04-25 17:24:03.168015+05:30	45	deddb6c5-61b1-4ecb-b684-2ddc1eec1190	3		27	19
1096	2023-04-25 17:24:03.168015+05:30	44	eea8a2cb-2ada-45be-ac3d-432e812cb41b	3		27	19
1097	2023-04-25 17:24:03.171015+05:30	43	35006e34-c316-4fc6-b038-8265335061f5	3		27	19
1098	2023-04-25 17:24:03.172085+05:30	42	f891b880-d507-4b77-852e-bc1b887dba6b	3		27	19
1099	2023-04-25 17:24:03.172564+05:30	41	51708ca8-1ae0-4d6d-a7bd-378c4f9e301e	3		27	19
1100	2023-04-25 17:24:03.172564+05:30	40	75b41a10-1636-4dad-8da6-41d0985d6bc0	3		27	19
1101	2023-04-25 17:24:03.174014+05:30	39	8543c3f3-3dbe-4886-8479-7292eae16b64	3		27	19
1102	2023-04-25 17:24:03.174014+05:30	38	e85fa1a0-cb4f-4c41-b72a-a105c7eb78bb	3		27	19
1103	2023-04-25 17:24:03.175021+05:30	37	26d94292-fcc3-4078-8271-98a00288ce5d	3		27	19
1104	2023-04-25 17:24:03.175021+05:30	36	c9fbc3bc-220d-489d-abd7-9793eb97b2e5	3		27	19
1105	2023-04-25 17:24:03.176046+05:30	35	3d245996-b808-462b-9a34-19faa5a24506	3		27	19
1106	2023-04-25 17:24:03.177047+05:30	34	e64c07a3-9cf3-481f-8958-aeed267a6549	3		27	19
1107	2023-04-25 17:24:03.178021+05:30	33	d51e923b-3ebd-49bb-9f7f-8a00f8c9f107	3		27	19
1108	2023-04-25 17:24:03.178021+05:30	32	61dc355e-e8e2-4137-8826-e358709bdff0	3		27	19
1109	2023-04-25 17:24:03.179045+05:30	31	fcdd0af5-1884-4d3d-991b-5d56bc3111ad	3		27	19
1110	2023-04-25 17:24:03.180021+05:30	30	7e4343be-bfc0-48f4-8b7e-b583d1dd6996	3		27	19
1111	2023-04-25 17:24:03.180021+05:30	29	8b20d719-9bc3-460f-b4d0-73b036775e90	3		27	19
1112	2023-04-26 11:21:10.949641+05:30	130	5c84906a-098d-48a0-911b-9567a7ed7e86	3		27	19
1113	2023-04-26 11:21:10.962846+05:30	129	82bb75d1-82da-4586-b9d5-eae84009e63c	3		27	19
1114	2023-04-26 11:21:10.963865+05:30	128	80dc8263-ae22-44e4-b007-88b9a075acc6	3		27	19
1115	2023-04-26 11:21:10.964845+05:30	127	af8b1f62-0c38-4b72-bfda-04f89c4519f6	3		27	19
1116	2023-04-26 11:21:10.964845+05:30	126	2a38b49d-3f40-4013-ada4-16d763f67295	3		27	19
1117	2023-04-26 11:21:10.965844+05:30	125	f2060fb0-3cc9-427a-999b-8d0795363a1d	3		27	19
1118	2023-04-26 11:21:10.965844+05:30	124	1296c14b-08a6-406e-90d7-cc3964bc7925	3		27	19
1119	2023-04-26 11:21:10.96706+05:30	123	11087ef7-03fb-4daa-9d97-8961506e54c9	3		27	19
1120	2023-04-26 11:21:10.967494+05:30	122	9c3ae759-9b90-457d-9ab2-ca47cf26699e	3		27	19
1121	2023-04-26 11:21:10.967908+05:30	121	eb3b8820-829d-441c-a9e9-fdac4ae2899d	3		27	19
1122	2023-04-26 11:21:10.968293+05:30	120	7565508b-a464-4b34-8db4-4498aa1fa0f5	3		27	19
1123	2023-04-26 11:21:10.968293+05:30	119	a4f7dc98-b1a3-4e66-afaf-70daafd15aeb	3		27	19
1124	2023-04-26 11:21:23.431025+05:30	401	Hasanul Banna booked	3		31	19
1125	2023-04-26 11:21:23.435001+05:30	400	Hasanul Banna booked	3		31	19
1126	2023-04-26 11:21:23.436+05:30	399	Hasanul Banna booked	3		31	19
1127	2023-04-26 11:21:23.437023+05:30	398	Hasanul Banna booked	3		31	19
1128	2023-04-26 11:21:23.438+05:30	397	Hasanul Banna booked	3		31	19
1129	2023-04-26 11:21:23.439643+05:30	396	Hasanul Banna booked	3		31	19
1130	2023-04-26 11:21:23.439643+05:30	395	Hasanul Banna booked	3		31	19
1131	2023-04-26 11:21:23.441006+05:30	394	Hasanul Banna booked	3		31	19
1132	2023-04-26 11:21:23.442015+05:30	393	Hasanul Banna booked	3		31	19
1133	2023-04-26 11:21:23.443014+05:30	392	Hasanul Banna booked	3		31	19
1134	2023-04-26 11:21:23.443014+05:30	391	Hasanul Banna booked	3		31	19
1135	2023-04-26 11:21:23.44502+05:30	390	Hasanul Banna booked	3		31	19
1136	2023-04-26 11:21:23.44502+05:30	389	Hasanul Banna booked	3		31	19
1137	2023-04-26 11:21:23.446013+05:30	388	Hasanul Banna booked	3		31	19
1138	2023-04-26 11:21:23.447013+05:30	387	Hasanul Banna booked	3		31	19
1139	2023-04-26 11:21:23.447013+05:30	386	Hasanul Banna booked	3		31	19
1140	2023-04-26 11:21:23.448014+05:30	385	Hasanul Banna booked	3		31	19
1141	2023-04-26 11:21:23.450013+05:30	384	Hasanul Banna booked	3		31	19
1142	2023-04-26 11:21:23.451018+05:30	383	Hasanul Banna booked	3		31	19
1143	2023-04-26 11:21:23.452013+05:30	382	Hasanul Banna booked	3		31	19
1144	2023-04-26 11:21:23.453013+05:30	381	Hasanul Banna booked	3		31	19
1145	2023-04-26 11:21:23.453013+05:30	380	Hasanul Banna booked	3		31	19
1146	2023-04-26 11:21:23.453013+05:30	379	Hasanul Banna booked	3		31	19
1147	2023-04-26 11:21:23.454013+05:30	378	Hasanul Banna booked	3		31	19
1148	2023-04-26 11:21:23.454013+05:30	377	Hasanul Banna booked	3		31	19
1149	2023-04-26 11:21:23.455013+05:30	376	Hasanul Banna booked	3		31	19
1150	2023-04-26 11:21:23.455013+05:30	375	Hasanul Banna booked	3		31	19
1151	2023-04-26 11:21:23.456241+05:30	374	Hasanul Banna booked	3		31	19
1152	2023-04-26 11:21:23.456703+05:30	373	Hasanul Banna booked	3		31	19
1153	2023-04-26 11:21:23.457142+05:30	372	Hasanul Banna booked	3		31	19
1154	2023-04-26 11:21:23.457142+05:30	371	Hasanul Banna booked	3		31	19
1155	2023-04-26 11:21:23.458198+05:30	370	Hasanul Banna booked	3		31	19
1156	2023-04-26 11:21:23.459149+05:30	369	Hasanul Banna booked	3		31	19
1157	2023-04-26 11:21:23.459149+05:30	368	Hasanul Banna booked	3		31	19
1158	2023-04-26 11:21:23.460149+05:30	367	Hasanul Banna booked	3		31	19
1159	2023-04-26 11:21:23.460149+05:30	366	Hasanul Banna booked	3		31	19
1160	2023-04-26 11:21:23.461149+05:30	365	Hasanul Banna booked	3		31	19
1161	2023-04-26 11:21:23.461149+05:30	364	Hasanul Banna booked	3		31	19
1162	2023-04-26 11:21:23.461149+05:30	363	Hasanul Banna booked	3		31	19
1163	2023-04-26 11:21:23.462148+05:30	362	Hasanul Banna booked	3		31	19
1164	2023-04-26 11:21:23.462148+05:30	361	Hasanul Banna booked	3		31	19
1165	2023-04-26 11:21:23.463148+05:30	360	Hasanul Banna booked	3		31	19
1166	2023-04-26 11:21:23.463148+05:30	359	Hasanul Banna booked	3		31	19
1167	2023-04-26 11:21:23.463148+05:30	358	Hasanul Banna booked	3		31	19
1168	2023-04-26 11:21:23.464148+05:30	357	Hasanul Banna booked	3		31	19
1169	2023-04-26 11:21:23.464148+05:30	356	Hasanul Banna booked	3		31	19
1170	2023-04-26 11:21:23.464148+05:30	355	Hasanul Banna booked	3		31	19
1171	2023-04-26 11:21:23.465148+05:30	354	Hasanul Banna booked	3		31	19
1172	2023-04-26 11:21:23.465148+05:30	353	Hasanul Banna booked	3		31	19
1173	2023-04-26 11:21:23.466148+05:30	352	Hasanul Banna booked	3		31	19
1174	2023-04-26 11:21:23.466148+05:30	351	Hasanul Banna booked	3		31	19
1175	2023-04-26 11:21:23.466148+05:30	350	Hasanul Banna booked	3		31	19
1176	2023-04-26 11:21:23.46715+05:30	349	Hasanul Banna booked	3		31	19
1177	2023-04-26 11:21:23.46715+05:30	348	Hasanul Banna booked	3		31	19
1178	2023-04-26 11:21:23.46818+05:30	347	Hasanul Banna booked	3		31	19
1179	2023-04-26 11:21:23.46818+05:30	346	Hasanul Banna booked	3		31	19
1180	2023-04-26 11:21:23.46818+05:30	345	Hasanul Banna booked	3		31	19
1181	2023-04-26 11:21:23.469149+05:30	344	Hasanul Banna booked	3		31	19
1182	2023-04-26 11:21:23.470149+05:30	343	Hasanul Banna booked	3		31	19
1183	2023-04-26 11:21:23.470149+05:30	342	Hasanul Banna booked	3		31	19
1184	2023-04-26 11:21:23.471148+05:30	341	Hasanul Banna booked	3		31	19
1185	2023-04-26 11:21:23.471148+05:30	340	Hasanul Banna booked	3		31	19
1186	2023-04-26 11:21:23.472151+05:30	339	Hasanul Banna booked	3		31	19
1187	2023-04-26 11:21:23.473524+05:30	338	Hasanul Banna booked	3		31	19
1188	2023-04-26 11:21:23.473963+05:30	337	Content Poocha booked	3		31	19
1189	2023-04-26 11:21:23.473963+05:30	336	Content Poocha booked	3		31	19
1190	2023-04-26 11:21:23.473963+05:30	335	Content Poocha booked	3		31	19
1191	2023-04-26 11:21:23.475152+05:30	334	Content Poocha booked	3		31	19
1192	2023-04-26 11:21:23.476187+05:30	333	Content Poocha booked	3		31	19
1193	2023-04-26 11:21:23.476187+05:30	332	Content Poocha booked	3		31	19
1194	2023-04-26 11:21:23.477159+05:30	331	Content Poocha booked	3		31	19
1195	2023-04-26 11:21:23.477159+05:30	330	Content Poocha booked	3		31	19
1196	2023-04-26 11:21:23.477159+05:30	329	Content Poocha booked	3		31	19
1197	2023-04-26 11:21:23.478158+05:30	328	Content Poocha booked	3		31	19
1198	2023-04-26 11:21:23.478158+05:30	327	Content Poocha booked	3		31	19
1199	2023-04-26 11:21:23.479158+05:30	326	Content Poocha booked	3		31	19
1200	2023-04-26 11:21:23.479158+05:30	325	Content Poocha booked	3		31	19
1201	2023-04-26 11:21:23.479158+05:30	324	Content Poocha booked	3		31	19
1202	2023-04-26 11:21:23.480181+05:30	323	Content Poocha booked	3		31	19
1203	2023-04-26 11:21:23.480181+05:30	322	Content Poocha booked	3		31	19
1204	2023-04-26 11:21:23.480181+05:30	321	Content Poocha booked	3		31	19
1205	2023-04-26 11:21:23.481158+05:30	320	Content Poocha booked	3		31	19
1206	2023-04-26 11:21:23.481158+05:30	319	Content Poocha booked	3		31	19
1207	2023-04-26 11:21:23.481158+05:30	318	Content Poocha booked	3		31	19
1208	2023-04-26 11:21:23.482158+05:30	317	Content Poocha booked	3		31	19
1209	2023-04-26 11:21:23.482158+05:30	316	Content Poocha booked	3		31	19
1210	2023-04-26 11:21:23.483163+05:30	315	Content Poocha booked	3		31	19
1211	2023-04-26 11:21:23.483163+05:30	314	Content Poocha booked	3		31	19
1212	2023-04-26 11:21:23.484158+05:30	313	Content Poocha booked	3		31	19
1213	2023-04-26 11:21:23.484158+05:30	312	Content Poocha booked	3		31	19
1214	2023-04-26 11:21:23.484158+05:30	311	Content Poocha booked	3		31	19
1215	2023-04-26 11:21:23.485158+05:30	310	Content Poocha booked	3		31	19
1216	2023-04-26 11:21:23.485158+05:30	309	Content Poocha booked	3		31	19
1217	2023-04-26 11:21:23.486158+05:30	308	Content Poocha booked	3		31	19
1218	2023-04-26 11:21:23.486158+05:30	307	Content Poocha booked	3		31	19
1219	2023-04-26 11:21:23.486158+05:30	306	Content Poocha booked	3		31	19
1220	2023-04-26 11:21:23.487158+05:30	305	Content Poocha booked	3		31	19
1221	2023-04-26 11:21:23.487158+05:30	304	Content Poocha booked	3		31	19
1222	2023-04-26 11:21:23.488158+05:30	303	Hasanul Banna booked	3		31	19
1223	2023-04-26 11:21:23.488158+05:30	302	Hasanul Banna booked	3		31	19
1224	2023-04-26 11:21:31.53069+05:30	301	Hasanul Banna booked	3		31	19
1225	2023-04-26 11:21:31.537641+05:30	300	Hasanul Banna booked	3		31	19
1226	2023-04-26 11:21:31.538648+05:30	299	Hasanul Banna booked	3		31	19
1227	2023-04-26 11:21:31.540653+05:30	298	Hasanul Banna booked	3		31	19
1228	2023-04-26 11:21:31.541647+05:30	297	Hasanul Banna booked	3		31	19
1229	2023-04-26 11:21:31.542647+05:30	296	Hasanul Banna booked	3		31	19
1230	2023-04-26 11:21:31.543651+05:30	295	Hasanul Banna booked	3		31	19
1231	2023-04-26 11:21:31.545656+05:30	294	Hasanul Banna booked	3		31	19
1232	2023-04-26 11:21:31.54665+05:30	293	Hasanul Banna booked	3		31	19
1233	2023-04-26 11:21:31.54665+05:30	292	Hasanul Banna booked	3		31	19
1234	2023-04-26 11:21:31.547648+05:30	291	Hasanul Banna booked	3		31	19
1235	2023-04-26 11:21:31.54865+05:30	290	Hasanul Banna booked	3		31	19
1236	2023-04-26 11:21:31.54865+05:30	289	Hasanul Banna booked	3		31	19
1237	2023-04-26 11:21:31.549647+05:30	288	Hasanul Banna booked	3		31	19
1238	2023-04-26 11:21:31.550654+05:30	287	Hasanul Banna booked	3		31	19
1239	2023-04-26 11:21:31.550654+05:30	286	Hasanul Banna booked	3		31	19
1240	2023-04-26 11:21:31.551654+05:30	285	Hasanul Banna booked	3		31	19
1241	2023-04-26 11:21:31.552647+05:30	284	Hasanul Banna booked	3		31	19
1242	2023-04-26 11:21:31.552647+05:30	283	Hasanul Banna booked	3		31	19
1243	2023-04-26 11:21:31.553768+05:30	282	Hasanul Banna booked	3		31	19
1244	2023-04-26 11:21:31.554385+05:30	281	Hasanul Banna booked	3		31	19
1245	2023-04-26 11:21:31.554385+05:30	280	Hasanul Banna booked	3		31	19
1246	2023-04-26 11:21:31.555395+05:30	279	Hasanul Banna booked	3		31	19
1247	2023-04-26 11:21:31.556396+05:30	278	Hasanul Banna booked	3		31	19
1248	2023-04-26 11:21:31.556396+05:30	277	Hasanul Banna booked	3		31	19
1249	2023-04-26 11:21:31.557395+05:30	276	Hasanul Banna booked	3		31	19
1250	2023-04-26 11:21:31.558395+05:30	275	Hasanul Banna booked	3		31	19
1251	2023-04-26 11:21:31.559395+05:30	274	Hasanul Banna booked	3		31	19
1252	2023-04-26 11:21:31.559395+05:30	273	Hasanul Banna booked	3		31	19
1253	2023-04-26 11:21:31.560395+05:30	272	Hasanul Banna booked	3		31	19
1254	2023-04-26 11:21:31.560395+05:30	271	Hasanul Banna booked	3		31	19
1255	2023-04-26 11:21:31.561396+05:30	270	Hasanul Banna booked	3		31	19
1256	2023-04-26 11:21:31.561396+05:30	269	Hasanul Banna booked	3		31	19
1257	2023-04-26 11:21:31.562394+05:30	268	Hasanul Banna booked	3		31	19
1258	2023-04-26 11:21:31.562394+05:30	267	Hasanul Banna booked	3		31	19
1259	2023-04-26 11:21:31.56342+05:30	266	Hasanul Banna booked	3		31	19
1260	2023-04-26 11:21:31.56342+05:30	265	Hasanul Banna booked	3		31	19
1261	2023-04-26 11:21:31.564397+05:30	264	Hasanul Banna booked	3		31	19
1262	2023-04-26 11:21:31.564397+05:30	263	Hasanul Banna booked	3		31	19
1263	2023-04-26 11:21:31.564397+05:30	262	Hasanul Banna booked	3		31	19
1264	2023-04-26 11:21:31.565397+05:30	261	Hasanul Banna booked	3		31	19
1265	2023-04-26 11:21:31.565397+05:30	260	Hasanul Banna booked	3		31	19
1266	2023-04-26 11:21:31.566395+05:30	259	Hasanul Banna booked	3		31	19
1267	2023-04-26 11:21:31.566395+05:30	258	Hasanul Banna booked	3		31	19
1268	2023-04-26 11:21:31.567397+05:30	257	Hasanul Banna booked	3		31	19
1269	2023-04-26 11:21:31.568403+05:30	256	Hasanul Banna booked	3		31	19
1270	2023-04-26 11:21:31.569395+05:30	255	Hasanul Banna booked	3		31	19
1271	2023-04-26 11:21:31.570394+05:30	254	Hasanul Banna booked	3		31	19
1272	2023-04-26 11:21:31.571426+05:30	253	Hasanul Banna booked	3		31	19
1273	2023-04-26 11:21:31.572443+05:30	252	Hasanul Banna booked	3		31	19
1274	2023-04-26 11:21:31.573442+05:30	251	Hasanul Banna booked	3		31	19
1275	2023-04-26 11:21:31.574532+05:30	250	Hasanul Banna booked	3		31	19
1276	2023-04-26 11:21:31.575444+05:30	249	Hasanul Banna booked	3		31	19
1277	2023-04-26 11:21:31.575444+05:30	248	Hasanul Banna booked	3		31	19
1278	2023-04-26 11:21:31.576438+05:30	247	Hasanul Banna booked	3		31	19
1279	2023-04-26 11:21:31.576438+05:30	246	Hasanul Banna booked	3		31	19
1280	2023-04-26 11:21:31.577438+05:30	245	Hasanul Banna booked	3		31	19
1281	2023-04-26 11:21:31.57953+05:30	244	Hasanul Banna booked	3		31	19
1282	2023-04-26 11:21:31.57953+05:30	243	Hasanul Banna booked	3		31	19
1283	2023-04-26 11:21:31.580557+05:30	242	Hasanul Banna booked	3		31	19
1284	2023-04-26 11:21:31.580557+05:30	241	Hasanul Banna booked	3		31	19
1285	2023-04-26 11:21:31.581536+05:30	240	Hasanul Banna booked	3		31	19
1286	2023-04-26 11:21:31.581536+05:30	239	Hasanul Banna booked	3		31	19
1287	2023-04-26 11:21:31.581536+05:30	238	Hasanul Banna booked	3		31	19
1288	2023-04-26 11:21:31.582535+05:30	237	Hasanul Banna booked	3		31	19
1289	2023-04-26 11:21:31.582535+05:30	236	Hasanul Banna booked	3		31	19
1290	2023-04-26 11:21:31.583535+05:30	235	Hasanul Banna booked	3		31	19
1291	2023-04-26 11:21:31.583535+05:30	234	Hasanul Banna booked	3		31	19
1292	2023-04-26 11:21:31.583535+05:30	233	Hasanul Banna booked	3		31	19
1293	2023-04-26 11:21:31.584545+05:30	232	Hasanul Banna booked	3		31	19
1294	2023-04-26 11:21:31.584545+05:30	231	Hasanul Banna booked	3		31	19
1295	2023-04-26 11:21:31.584545+05:30	230	Content Poocha booked	3		31	19
1296	2023-04-26 11:21:31.585536+05:30	229	Content Poocha booked	3		31	19
1297	2023-04-26 11:21:31.585536+05:30	228	Content Poocha booked	3		31	19
1298	2023-04-26 11:21:31.586536+05:30	227	Content Poocha booked	3		31	19
1299	2023-04-26 11:21:31.586536+05:30	226	Content Poocha booked	3		31	19
1300	2023-04-26 11:21:31.587537+05:30	225	Content Poocha booked	3		31	19
1301	2023-04-26 11:21:31.587537+05:30	224	Content Poocha booked	3		31	19
1302	2023-04-26 11:21:31.588538+05:30	223	Hasanul Banna booked	3		31	19
1303	2023-04-26 11:21:31.588538+05:30	222	Hasanul Banna booked	3		31	19
1304	2023-04-26 11:21:31.589537+05:30	221	Hasanul Banna booked	3		31	19
1305	2023-04-26 11:21:31.589537+05:30	220	Hasanul Banna booked	3		31	19
1306	2023-04-26 11:21:31.589537+05:30	219	Hasanul Banna booked	3		31	19
1307	2023-04-26 11:21:31.590536+05:30	218	Hasanul Banna booked	3		31	19
1308	2023-04-26 11:21:31.590536+05:30	217	Hasanul Banna booked	3		31	19
1309	2023-04-26 11:21:31.591538+05:30	216	Hasanul Banna booked	3		31	19
1310	2023-04-26 11:21:31.591538+05:30	215	Hasanul Banna booked	3		31	19
1311	2023-04-26 11:21:31.592555+05:30	214	Hasanul Banna booked	3		31	19
1312	2023-04-26 11:21:31.592555+05:30	213	Hasanul Banna booked	3		31	19
1313	2023-04-26 11:21:31.592555+05:30	212	Hasanul Banna booked	3		31	19
1314	2023-04-26 11:40:04.627581+05:30	29	contentpooocha@gmail.com  on Valley Of Flowers	3		18	19
1315	2023-04-26 11:40:07.771817+05:30	28	contentpooocha@gmail.com  on Valley Of Flowers	3		18	19
1316	2023-04-26 12:10:34.279922+05:30	32	contentpooocha@gmail.com  on Enroute Special	3		18	19
1317	2023-04-26 12:12:12.216402+05:30	31	contentpooocha@gmail.com  on Enroute Special	3		18	19
1318	2023-04-28 11:47:11.089996+05:30	37	Bakreed Special bannawandoor@gmail.com	3		29	19
1319	2023-04-28 11:47:13.727546+05:30	40	Vishu Offer contentpooocha@gmail.com	3		29	19
1320	2023-04-28 11:48:31.96575+05:30	4	Bakreed Special	3		30	19
1321	2023-04-28 11:48:31.968708+05:30	3	Eid Offer	3		30	19
1322	2023-04-28 11:48:31.969803+05:30	2	Vishu Offer	3		30	19
1323	2023-04-28 11:48:31.969803+05:30	1	Enroute Special	3		30	19
1324	2023-04-28 11:48:47.622616+05:30	5	Enroute Special	1	[{"added": {}}]	30	19
1325	2023-04-28 11:51:04.135476+05:30	5	Enroute Special	3		30	19
1326	2023-04-29 11:50:13.527334+05:30	409	Hasanul Banna booked	3		31	19
1327	2023-04-29 11:50:13.546549+05:30	408	Hasanul Banna booked	3		31	19
1328	2023-04-29 11:50:13.54757+05:30	407	Hasanul Banna booked	3		31	19
1329	2023-04-29 11:50:13.548577+05:30	406	Hasanul Banna booked	3		31	19
1330	2023-04-29 11:50:13.54955+05:30	405	Hasanul Banna booked	3		31	19
1331	2023-04-29 11:50:13.550575+05:30	404	Content Poocha booked	3		31	19
1332	2023-04-29 11:50:13.55155+05:30	403	Hasanul Banna booked	3		31	19
1333	2023-04-29 11:50:13.552564+05:30	402	Hasanul Banna booked	3		31	19
1334	2023-04-29 11:50:19.868251+05:30	136	139af9e4-ee53-41a8-9091-7bac46a0346c	3		27	19
1335	2023-04-29 11:50:19.870248+05:30	135	071e8d7c-812b-4bb5-b8c9-3ee4bdad979f	3		27	19
1336	2023-04-29 11:50:19.871247+05:30	134	833297f3-2987-43ea-abb1-849189d07083	3		27	19
1337	2023-04-29 11:50:19.872247+05:30	133	4f7a9214-8582-4cee-a714-4ce0e1cdc861	3		27	19
1338	2023-04-29 11:50:19.872945+05:30	132	23a58cd6-c7d0-4e73-b6b1-b1e5e3416fc1	3		27	19
1339	2023-04-29 11:50:19.873705+05:30	131	e8ba1337-6415-4c19-8cd5-efa09abc24a4	3		27	19
1340	2023-04-29 11:53:17.884978+05:30	6	Enroute Special	1	[{"added": {}}]	30	19
1341	2023-04-29 12:00:12.281127+05:30	6	Enroute Special	2	[{"changed": {"fields": ["Expiration date"]}}]	30	19
1342	2023-04-29 12:02:44.789967+05:30	141	dc9b68cf-adf9-440d-ae95-b6b553e8f40e	3		27	19
1343	2023-04-29 12:02:44.800078+05:30	140	59eba57f-c2fd-4f4c-91e0-5b1ad6024485	3		27	19
1344	2023-04-29 12:02:44.801082+05:30	139	d643c3ff-cb67-4c44-96c2-84f9efa9b6a8	3		27	19
1345	2023-04-29 12:02:44.802082+05:30	138	725fbadd-5e1b-40d2-abae-f080aab1f7d0	3		27	19
1346	2023-04-29 12:02:44.803085+05:30	137	d634a85f-3a2a-4c6f-92fc-6f72034c2718	3		27	19
1347	2023-04-29 12:02:49.405163+05:30	416	Hasanul Banna booked	3		31	19
1348	2023-04-29 12:02:49.407156+05:30	415	Hasanul Banna booked	3		31	19
1349	2023-04-29 12:02:49.408181+05:30	414	Hasanul Banna booked	3		31	19
1350	2023-04-29 12:02:49.409175+05:30	413	Hasanul Banna booked	3		31	19
1351	2023-04-29 12:02:49.410174+05:30	412	Hasanul Banna booked	3		31	19
1352	2023-04-29 12:02:49.411014+05:30	411	Hasanul Banna booked	3		31	19
1353	2023-04-29 12:02:49.411014+05:30	410	Hasanul Banna booked	3		31	19
1354	2023-04-29 12:09:57.030176+05:30	7	Vishu Offer	1	[{"added": {}}]	30	19
\.


--
-- Data for Name: django_content_type; Type: TABLE DATA; Schema: public; Owner: postgres
--

COPY public.django_content_type (id, app_label, model) FROM stdin;
1	admin	logentry
2	auth	permission
3	auth	group
4	contenttypes	contenttype
5	sessions	session
6	oauth2_provider	application
7	oauth2_provider	accesstoken
8	oauth2_provider	grant
9	oauth2_provider	refreshtoken
10	oauth2_provider	idtoken
11	social_django	association
12	social_django	code
13	social_django	nonce
14	social_django	usersocialauth
15	social_django	partial
16	users	account
17	utilities	enquiry
18	packages	review
19	packages	package
20	packages	itinerary
21	packages	packageimage
22	home	video
23	utilities	testimonial
24	utilities	contact
25	packages	wishlist
26	booking	coupon
27	booking	booking
28	booking	couponassignment
29	utilities	couponassignment
30	utilities	coupon
31	booking	payment
\.


--
-- Data for Name: django_migrations; Type: TABLE DATA; Schema: public; Owner: postgres
--

COPY public.django_migrations (id, app, name, applied) FROM stdin;
1	users	0001_initial	2023-03-22 11:29:12.844659+05:30
2	contenttypes	0001_initial	2023-03-22 11:29:12.854989+05:30
3	admin	0001_initial	2023-03-22 11:29:12.880082+05:30
4	admin	0002_logentry_remove_auto_add	2023-03-22 11:29:12.885155+05:30
5	admin	0003_logentry_add_action_flag_choices	2023-03-22 11:29:12.888078+05:30
6	contenttypes	0002_remove_content_type_name	2023-03-22 11:29:12.899629+05:30
7	auth	0001_initial	2023-03-22 11:29:12.95031+05:30
8	auth	0002_alter_permission_name_max_length	2023-03-22 11:29:12.955307+05:30
9	auth	0003_alter_user_email_max_length	2023-03-22 11:29:12.959952+05:30
10	auth	0004_alter_user_username_opts	2023-03-22 11:29:12.966039+05:30
11	auth	0005_alter_user_last_login_null	2023-03-22 11:29:12.971038+05:30
12	auth	0006_require_contenttypes_0002	2023-03-22 11:29:12.973041+05:30
13	auth	0007_alter_validators_add_error_messages	2023-03-22 11:29:12.979047+05:30
14	auth	0008_alter_user_username_max_length	2023-03-22 11:29:12.985264+05:30
15	auth	0009_alter_user_last_name_max_length	2023-03-22 11:29:12.989661+05:30
16	auth	0010_alter_group_name_max_length	2023-03-22 11:29:12.999815+05:30
17	auth	0011_update_proxy_permissions	2023-03-22 11:29:13.005835+05:30
18	auth	0012_alter_user_first_name_max_length	2023-03-22 11:29:13.01076+05:30
19	oauth2_provider	0001_initial	2023-03-22 11:29:13.108436+05:30
20	oauth2_provider	0002_auto_20190406_1805	2023-03-22 11:29:13.127334+05:30
21	oauth2_provider	0003_auto_20201211_1314	2023-03-22 11:29:13.135033+05:30
22	oauth2_provider	0004_auto_20200902_2022	2023-03-22 11:29:13.191689+05:30
23	oauth2_provider	0005_auto_20211222_2352	2023-03-22 11:29:13.220588+05:30
24	oauth2_provider	0006_alter_application_client_secret	2023-03-22 11:29:13.236596+05:30
25	sessions	0001_initial	2023-03-22 11:29:13.249499+05:30
26	default	0001_initial	2023-03-22 11:29:13.305199+05:30
27	social_auth	0001_initial	2023-03-22 11:29:13.306202+05:30
28	default	0002_add_related_name	2023-03-22 11:29:13.315082+05:30
29	social_auth	0002_add_related_name	2023-03-22 11:29:13.316162+05:30
30	default	0003_alter_email_max_length	2023-03-22 11:29:13.320171+05:30
31	social_auth	0003_alter_email_max_length	2023-03-22 11:29:13.32117+05:30
32	default	0004_auto_20160423_0400	2023-03-22 11:29:13.329611+05:30
33	social_auth	0004_auto_20160423_0400	2023-03-22 11:29:13.330581+05:30
34	social_auth	0005_auto_20160727_2333	2023-03-22 11:29:13.337573+05:30
35	social_django	0006_partial	2023-03-22 11:29:13.353925+05:30
36	social_django	0007_code_timestamp	2023-03-22 11:29:13.3607+05:30
37	social_django	0008_partial_timestamp	2023-03-22 11:29:13.369703+05:30
38	social_django	0009_auto_20191118_0520	2023-03-22 11:29:13.409459+05:30
39	social_django	0010_uid_db_index	2023-03-22 11:29:13.422415+05:30
40	social_django	0011_alter_id_fields	2023-03-22 11:29:13.497638+05:30
41	social_django	0012_alter_association_id_alter_code_id_alter_nonce_id_and_more	2023-03-22 11:29:13.587608+05:30
42	users	0002_alter_account_phone_number	2023-03-22 11:29:13.622915+05:30
43	users	0003_account_otp	2023-03-22 11:29:13.633937+05:30
44	users	0004_alter_account_otp	2023-03-22 11:29:13.640914+05:30
45	users	0005_account_groups_account_is_superuser_and_more	2023-03-22 11:29:13.701023+05:30
46	social_django	0001_initial	2023-03-22 11:29:13.704022+05:30
47	social_django	0002_add_related_name	2023-03-22 11:29:13.705045+05:30
48	social_django	0004_auto_20160423_0400	2023-03-22 11:29:13.706044+05:30
49	social_django	0005_auto_20160727_2333	2023-03-22 11:29:13.706044+05:30
50	social_django	0003_alter_email_max_length	2023-03-22 11:29:13.707024+05:30
51	users	0006_account_is_verified_alter_account_is_active	2023-03-22 17:24:55.145558+05:30
52	utilities	0001_initial	2023-03-24 14:52:01.953838+05:30
53	utilities	0002_alter_enquiry_client_phone	2023-03-24 15:13:11.526675+05:30
54	packages	0001_initial	2023-03-29 14:13:10.967029+05:30
55	packages	0002_remove_package_images_packageimage	2023-03-29 15:07:34.343647+05:30
56	packages	0003_package_main_place	2023-03-29 15:24:08.288982+05:30
57	packages	0004_remove_package_itinerary_itinerary_package	2023-03-29 17:43:13.585111+05:30
58	home	0001_initial	2023-03-30 13:09:29.065278+05:30
59	packages	0005_alter_review_rating	2023-03-30 13:09:29.085637+05:30
60	utilities	0003_testimonial	2023-03-30 13:47:49.67832+05:30
61	packages	0006_package_discount_percent	2023-04-04 10:55:12.831075+05:30
62	packages	0007_package_price	2023-04-04 12:13:34.112043+05:30
63	packages	0008_alter_package_price	2023-04-04 12:14:15.082894+05:30
64	packages	0009_alter_package_price	2023-04-04 12:35:54.661643+05:30
65	packages	0010_alter_package_price	2023-04-04 12:36:13.949622+05:30
66	utilities	0004_contact	2023-04-04 16:36:58.437239+05:30
67	packages	0011_package_type	2023-04-06 11:08:02.047717+05:30
68	packages	0012_alter_review_rating	2023-04-07 11:53:17.070992+05:30
69	packages	0013_review_created_at	2023-04-08 15:54:32.468985+05:30
70	packages	0014_alter_review_rating	2023-04-09 14:09:15.628787+05:30
71	packages	0015_package_location	2023-04-09 19:15:43.631909+05:30
72	packages	0016_alter_package_location	2023-04-09 19:25:24.638207+05:30
73	users	0007_account_address_account_gender	2023-04-10 11:10:12.006222+05:30
74	users	0008_account_profile_image	2023-04-10 11:36:11.073702+05:30
75	packages	0017_package_is_active	2023-04-11 12:39:17.02223+05:30
76	packages	0018_alter_package_discount_percent	2023-04-11 15:35:06.139426+05:30
77	packages	0019_package_itinerary_pdf	2023-04-11 17:35:35.004128+05:30
78	packages	0020_wishlist	2023-04-12 10:14:43.936774+05:30
79	users	0009_alter_account_is_active	2023-04-12 14:12:50.744479+05:30
80	users	0010_alter_account_is_active	2023-04-12 14:26:39.626844+05:30
81	booking	0001_initial	2023-04-16 11:25:53.518982+05:30
82	booking	0002_coupon_coupon_name	2023-04-16 11:29:11.533246+05:30
83	booking	0003_remove_coupon_is_active_remove_coupon_user	2023-04-16 12:08:37.515974+05:30
84	booking	0004_couponassignment	2023-04-16 12:12:16.901294+05:30
85	booking	0005_remove_couponassignment_coupon_and_more	2023-04-16 12:16:41.669785+05:30
86	utilities	0005_coupon_couponassignment	2023-04-16 12:16:41.724457+05:30
87	utilities	0006_coupon_is_active	2023-04-16 12:40:42.800378+05:30
88	booking	0006_remove_booking_payment_id_booking_guest_phone_number_and_more	2023-04-16 17:40:39.977463+05:30
89	booking	0007_alter_payment_status	2023-04-18 12:08:32.100853+05:30
90	booking	0008_alter_payment_razorpay_order_id_and_more	2023-04-18 12:10:38.546207+05:30
91	booking	0009_remove_booking_is_paid_remove_booking_total_price	2023-04-19 11:20:51.803442+05:30
92	booking	0010_remove_booking_guest_phone_number_and_more	2023-04-19 11:31:43.95824+05:30
93	booking	0011_booking_coupon	2023-04-19 12:06:39.432215+05:30
94	booking	0012_remove_booking_user_booking_booking_code	2023-04-19 15:20:41.923083+05:30
95	booking	0013_alter_booking_booking_code	2023-04-19 15:21:27.890259+05:30
96	booking	0014_booking_user_alter_booking_booking_code	2023-04-19 15:24:45.756387+05:30
97	booking	0015_alter_booking_user	2023-04-19 15:24:58.27825+05:30
98	booking	0016_booking_status	2023-04-27 11:48:30.504704+05:30
\.


--
-- Data for Name: django_session; Type: TABLE DATA; Schema: public; Owner: postgres
--

COPY public.django_session (session_key, session_data, expire_date) FROM stdin;
idv4de3ki3t9xqg9k7pjw9efzxjaxzv3	.eJxVjDsOwjAQBe_iGln24i8lfc5g7fqDA8iW4qRC3B0ipYD2zcx7sYDbWsM28hLmxC5Menb6HQnjI7edpDu2W-ext3WZie8KP-jgU0_5eT3cv4OKo35roywJ6YrVhhyUDJ6oaHLoQWm0ERHgnEFLI5w2IvqUUlFeZCQdgQp7fwAFTjhp:1pewSs:sEOR5JgmzFf__lM_RhkghnqjtqH8M0XVncoBOaUv12g	2023-04-05 16:47:10.419215+05:30
8zs01krb8f2oc2be4yx0pkbh7qxah9rg	.eJxVjDsOwjAQBe_iGln24i8lfc5g7fqDA8iW4qRC3B0ipYD2zcx7sYDbWsM28hLmxC5Menb6HQnjI7edpDu2W-ext3WZie8KP-jgU0_5eT3cv4OKo35roywJ6YrVhhyUDJ6oaHLoQWm0ERHgnEFLI5w2IvqUUlFeZCQdgQp7fwAFTjhp:1pkLak:1lbpZ0greSh49MNEQ3vCog6sp_0jUh1K7CsORE87Z8k	2023-04-20 14:37:38.702468+05:30
2ltefxbkep3rijko3dnqitfu36uj0w3h	.eJxVjDsOwjAQBe_iGln24i8lfc5g7fqDA8iW4qRC3B0ipYD2zcx7sYDbWsM28hLmxC5Menb6HQnjI7edpDu2W-ext3WZie8KP-jgU0_5eT3cv4OKo35roywJ6YrVhhyUDJ6oaHLoQWm0ERHgnEFLI5w2IvqUUlFeZCQdgQp7fwAFTjhp:1pmXze:bALhbHbnr_UCWpkfqHL5CVy2aCkYy95K2yiYfHHLPT8	2023-04-26 16:16:26.253751+05:30
og3mp71mjtbzlnbm48sr1x6wjvemqcug	.eJxVjDsOwjAQBe_iGln24i8lfc5g7fqDA8iW4qRC3B0ipYD2zcx7sYDbWsM28hLmxC5Menb6HQnjI7edpDu2W-ext3WZie8KP-jgU0_5eT3cv4OKo35roywJ6YrVhhyUDJ6oaHLoQWm0ERHgnEFLI5w2IvqUUlFeZCQdgQp7fwAFTjhp:1pojQy:kcvbGtqaChPJI7STftspNvppALL5L4WMY8KAcKb4iTs	2023-05-02 16:53:40.70176+05:30
eprgw8hfha9ikn6m744bk9ut6yjpvz0f	.eJxVjDsOwjAQBe_iGln24i8lfc5g7fqDA8iW4qRC3B0ipYD2zcx7sYDbWsM28hLmxC5Menb6HQnjI7edpDu2W-ext3WZie8KP-jgU0_5eT3cv4OKo35roywJ6YrVhhyUDJ6oaHLoQWm0ERHgnEFLI5w2IvqUUlFeZCQdgQp7fwAFTjhp:1psHPd:mSlkOjbJaUq8J-tjYStVnIlcibIQEptqRmQvDbHYo04	2023-05-12 11:46:57.26008+05:30
\.


--
-- Data for Name: home_video; Type: TABLE DATA; Schema: public; Owner: postgres
--

COPY public.home_video (id, title, link, thumbnail) FROM stdin;
1	new video	https://www.youtube.com/embed/yn41IMghv7U	thumbnails/dlehi.jpg
2	Kashmir	https://www.youtube.com/embed/qmGYnJgCW1o	thumbnails/sonamarg.webp
3	Manali	https://www.youtube.com/embed/MnpOKhyHg-k	thumbnails/Manali2.jpg
\.


--
-- Data for Name: oauth2_provider_accesstoken; Type: TABLE DATA; Schema: public; Owner: postgres
--

COPY public.oauth2_provider_accesstoken (id, token, expires, scope, application_id, user_id, created, updated, source_refresh_token_id, id_token_id) FROM stdin;
427	AtxlUCI2tqfwnlp8fEyG58ALnfEH9j	2023-04-13 03:29:59.084079+05:30	read write	6	19	2023-04-12 17:29:59.084079+05:30	2023-04-12 17:29:59.084079+05:30	\N	\N
428	T275iAfoqSGJ98QI28zhQR5S44pKI2	2023-04-13 03:33:46.282033+05:30	read write	6	19	2023-04-12 17:33:46.282033+05:30	2023-04-12 17:33:46.282033+05:30	\N	\N
429	h1uruZz9w61QiMHN2lxv21KfRKYVS8	2023-04-13 03:34:09.103395+05:30	read write	6	19	2023-04-12 17:34:09.103395+05:30	2023-04-12 17:34:09.103395+05:30	\N	\N
430	90yxtRJRaDyosw41FtoVCVeyvjiBhN	2023-04-13 03:43:48.833338+05:30	read write	6	19	2023-04-12 17:43:48.833338+05:30	2023-04-12 17:43:48.833338+05:30	\N	\N
431	oWoKv71G3FryFIEGjKqzBZWPenzujL	2023-04-13 03:43:51.655816+05:30	read write	6	19	2023-04-12 17:43:51.656808+05:30	2023-04-12 17:43:51.656808+05:30	\N	\N
432	Nsp55bn9Wl6Gbb91OtSPyQ5Ri40eGf	2023-04-13 03:55:57.634303+05:30	read write	6	57	2023-04-12 17:55:57.634303+05:30	2023-04-12 17:55:57.634303+05:30	\N	\N
434	OdeeTN1LBgm8oME0yNeM893GG7BlAb	2023-04-13 04:00:22.054459+05:30	read write	6	57	2023-04-12 18:00:22.054459+05:30	2023-04-12 18:00:22.054459+05:30	\N	\N
435	1Ug3BbIubQ325AhyQeI5ctzhtuGTDn	2023-04-13 04:03:43.578394+05:30	read write	6	19	2023-04-12 18:03:43.578394+05:30	2023-04-12 18:03:43.578394+05:30	\N	\N
436	UlIYSCpccRifjvhLUE6KtcRJ6QLd8P	2023-04-13 04:06:10.515215+05:30	read write	6	19	2023-04-12 18:06:10.51622+05:30	2023-04-12 18:06:10.51622+05:30	\N	\N
437	CF6JfLHSewMTMclSNjaqGfMrbmvEBe	2023-04-13 04:07:59.065416+05:30	read write	6	57	2023-04-12 18:07:59.081138+05:30	2023-04-12 18:07:59.081138+05:30	\N	\N
438	AIKmvmTWGdQ0JnmckGdIsSTdelKZZ9	2023-04-13 05:57:48.490683+05:30	read write	6	19	2023-04-12 19:57:48.490683+05:30	2023-04-12 19:57:48.490683+05:30	\N	\N
439	4CAvfbhabykwe5O68uMnwxuSdfPpBr	2023-04-13 06:00:17.228415+05:30	read write	6	57	2023-04-12 20:00:17.228415+05:30	2023-04-12 20:00:17.228415+05:30	\N	\N
440	Bje92Fkv3Woh3L9J44tKrFfZ213Tmt	2023-04-13 06:00:41.417055+05:30	read write	6	19	2023-04-12 20:00:41.417055+05:30	2023-04-12 20:00:41.417055+05:30	\N	\N
441	YAr9kydoLT0C4hroV5PtxzQqT6AvdF	2023-04-13 06:04:22.346028+05:30	read write	6	19	2023-04-12 20:04:22.346028+05:30	2023-04-12 20:04:22.346028+05:30	\N	\N
442	ifGvxWWgmbllBfYic3uEEx6LuYQjlN	2023-04-13 06:04:32.476672+05:30	read write	6	57	2023-04-12 20:04:32.476672+05:30	2023-04-12 20:04:32.476672+05:30	\N	\N
443	Cjg3uGEzRj6YXALyCBJKe30p06M3Po	2023-04-13 06:05:47.104036+05:30	read write	6	19	2023-04-12 20:05:47.104036+05:30	2023-04-12 20:05:47.104036+05:30	\N	\N
444	sDAl0cNOSjATLX0YOsbTuQ1ECZ7b46	2023-04-13 06:06:01.288479+05:30	read write	6	19	2023-04-12 20:06:01.288479+05:30	2023-04-12 20:06:01.288479+05:30	\N	\N
445	BkmqgZ7UGNRREmtHvIWnWoCHlNzjsB	2023-04-13 06:06:17.872357+05:30	read write	6	19	2023-04-12 20:06:17.873021+05:30	2023-04-12 20:06:17.873021+05:30	\N	\N
446	9nRZCTzNBoDtPBswJo0wEgy047mip7	2023-04-13 06:13:16.528471+05:30	read write	6	19	2023-04-12 20:13:16.528471+05:30	2023-04-12 20:13:16.528471+05:30	\N	\N
447	Lpzq6AorV1tj9Rf37s7UXB7nWapeoY	2023-04-13 06:13:24.764427+05:30	read write	6	57	2023-04-12 20:13:24.764427+05:30	2023-04-12 20:13:24.764427+05:30	\N	\N
448	57SV90lJmZx1VPdpg1n0uSSRQsnutP	2023-04-13 06:14:00.906205+05:30	read write	6	57	2023-04-12 20:14:00.906205+05:30	2023-04-12 20:14:00.906205+05:30	\N	\N
449	gOPnENDOBcGe3bkicMRGQGVJItpOpR	2023-04-13 06:15:58.181931+05:30	read write	6	19	2023-04-12 20:15:58.182928+05:30	2023-04-12 20:15:58.182928+05:30	\N	\N
450	XZvQpWobxXsi5l6gG0qogfZY3HoMcF	2023-04-13 06:16:06.390332+05:30	read write	6	19	2023-04-12 20:16:06.390332+05:30	2023-04-12 20:16:06.390332+05:30	\N	\N
451	F3FfYsJxw9rz4UdAUCBT3WlrBcE60A	2023-04-13 06:16:55.049097+05:30	read write	6	19	2023-04-12 20:16:55.049097+05:30	2023-04-12 20:16:55.049097+05:30	\N	\N
452	hoVjj8DCge7TGUha97iHlz9PWQVNuD	2023-04-13 06:18:58.055902+05:30	read write	6	57	2023-04-12 20:18:58.055902+05:30	2023-04-12 20:18:58.055902+05:30	\N	\N
454	yZ8Q24oC2ssWchStw4ClDpxPWoKS48	2023-04-13 06:19:33.788672+05:30	read write	6	19	2023-04-12 20:19:33.788672+05:30	2023-04-12 20:19:33.788672+05:30	\N	\N
455	A9U7F0jB3YnO5RccY1izDqgeCPJjQr	2023-04-13 06:20:17.746829+05:30	read write	6	19	2023-04-12 20:20:17.746829+05:30	2023-04-12 20:20:17.746829+05:30	\N	\N
456	m5qsgCCWRvf3eW6t543w7giSIGE8yk	2023-04-13 06:20:25.670675+05:30	read write	6	57	2023-04-12 20:20:25.670675+05:30	2023-04-12 20:20:25.670675+05:30	\N	\N
457	e1Twia49m75OsKCQ47oPUKfvomOSe1	2023-04-13 06:21:19.502679+05:30	read write	6	19	2023-04-12 20:21:19.502679+05:30	2023-04-12 20:21:19.502679+05:30	\N	\N
458	vLmZqf4OZs9v9wIkTnWNHElwSTfitF	2023-04-13 06:21:51.566277+05:30	read write	6	19	2023-04-12 20:21:51.566277+05:30	2023-04-12 20:21:51.566277+05:30	\N	\N
459	yzEh9nLPPrGOVZGjMg2kgtzX1tdwU5	2023-04-13 06:22:39.663908+05:30	read write	6	57	2023-04-12 20:22:39.663908+05:30	2023-04-12 20:22:39.663908+05:30	\N	\N
460	DjsMdF2eAGVeljCf0gujnC3i1R0m1c	2023-04-13 06:23:27.994242+05:30	read write	6	19	2023-04-12 20:23:27.994242+05:30	2023-04-12 20:23:27.994242+05:30	\N	\N
462	cGIgbdhyZ8CYVWY6ZO165SaHFI7Fme	2023-04-13 06:24:30.877352+05:30	read write	6	19	2023-04-12 20:24:30.877352+05:30	2023-04-12 20:24:30.877352+05:30	\N	\N
463	OQmOpcrYDw7B89lCq2jeP5nGRfPCoB	2023-04-13 06:27:30.553561+05:30	read write	6	19	2023-04-12 20:27:30.553561+05:30	2023-04-12 20:27:30.553561+05:30	\N	\N
464	anuaqIIruPKlvH5jgwGSgnPTaVnrMH	2023-04-13 06:27:42.497879+05:30	read write	6	57	2023-04-12 20:27:42.497879+05:30	2023-04-12 20:27:42.497879+05:30	\N	\N
466	2SQUdX3jAGYjxj7PooGsZypSwlBWYD	2023-04-13 06:28:58.40895+05:30	read write	6	19	2023-04-12 20:28:58.40895+05:30	2023-04-12 20:28:58.40895+05:30	\N	\N
467	SYSirYSF70hVGhv15pSD9JMqR4ARUY	2023-04-13 06:29:47.270888+05:30	read write	6	19	2023-04-12 20:29:47.270888+05:30	2023-04-12 20:29:47.270888+05:30	\N	\N
469	vZ78ISPVkglHyboMtyE4YtLMGcyC64	2023-04-13 06:31:11.582464+05:30	read write	6	19	2023-04-12 20:31:11.582464+05:30	2023-04-12 20:31:11.582464+05:30	\N	\N
470	7Iy8ycHidL9Dot5RVX07olNyUjPpuG	2023-04-13 06:33:10.922916+05:30	read write	6	19	2023-04-12 20:33:10.923921+05:30	2023-04-12 20:33:10.923921+05:30	\N	\N
471	uLiGVvdHEy1juu5wNuRa0KCVIMfWH4	2023-04-13 06:38:05.754798+05:30	read write	6	19	2023-04-12 20:38:05.754798+05:30	2023-04-12 20:38:05.754798+05:30	\N	\N
472	KmmCh6YNzBkzZthoKBy0IktILejXkx	2023-04-13 06:41:03.209224+05:30	read write	6	19	2023-04-12 20:41:03.209224+05:30	2023-04-12 20:41:03.209224+05:30	\N	\N
473	7bUP4KiavhTxHg2xlJkENFjAiKMIlW	2023-04-13 20:55:22.694777+05:30	read write	6	19	2023-04-13 10:55:22.695779+05:30	2023-04-13 10:55:22.695779+05:30	\N	\N
474	PfK3ePnvTNLVsJJ4dSnP574zl7npUq	2023-04-13 21:01:21.131195+05:30	read write	6	19	2023-04-13 11:01:21.132203+05:30	2023-04-13 11:01:21.132203+05:30	\N	\N
475	isPBrUULDItqiMccgEjgjsAv4QfCsp	2023-04-13 21:01:36.585324+05:30	read write	6	57	2023-04-13 11:01:36.585324+05:30	2023-04-13 11:01:36.585324+05:30	\N	\N
476	e1DZMyk9ZaFSy6zvSiDCb7YZMNHrzQ	2023-04-13 21:23:35.836084+05:30	read write	6	19	2023-04-13 11:23:35.836084+05:30	2023-04-13 11:23:35.836084+05:30	\N	\N
477	MCt5agVvPhbJo5BoIc06BNlc4utAGt	2023-04-13 22:40:31.155722+05:30	read write	6	19	2023-04-13 12:40:31.155722+05:30	2023-04-13 12:40:31.155722+05:30	\N	\N
478	i2YjkzndpZ4yGxqRYgBHmqi2Bzil7i	2023-04-13 22:45:24.734225+05:30	read write	6	19	2023-04-13 12:45:24.734225+05:30	2023-04-13 12:45:24.734225+05:30	\N	\N
479	Oz23Eacbfn0s3qoaaZMUNoqGDNTPbm	2023-04-13 22:47:08.534974+05:30	read write	6	57	2023-04-13 12:47:08.534974+05:30	2023-04-13 12:47:08.534974+05:30	\N	\N
480	vmtkDjIG368kfTeVkKE6iuU32TrNHb	2023-04-13 22:48:38.821863+05:30	read write	6	57	2023-04-13 12:48:38.824414+05:30	2023-04-13 12:48:38.824414+05:30	\N	\N
481	obZxBsthV7ockHo3yXcuxVm1Fj6UAe	2023-04-13 22:48:50.196931+05:30	read write	6	19	2023-04-13 12:48:50.196931+05:30	2023-04-13 12:48:50.196931+05:30	\N	\N
482	xfZXWwmUnB3GzfQBeHj2Ga8bqMiCiC	2023-04-13 22:54:19.593158+05:30	read write	6	19	2023-04-13 12:54:19.593158+05:30	2023-04-13 12:54:19.593158+05:30	\N	\N
483	Sh3jdBAzoXTgf7kJVChtXFwjYXOn8q	2023-04-13 23:16:45.789586+05:30	read write	6	57	2023-04-13 13:16:45.790608+05:30	2023-04-13 13:16:45.790608+05:30	\N	\N
484	8jRO7Vc8WSBOqui9lYAT4OuoA0eikx	2023-04-13 23:21:55.629418+05:30	read write	6	19	2023-04-13 13:21:55.629418+05:30	2023-04-13 13:21:55.629418+05:30	\N	\N
485	6nZWxy8VUDifiDlelFlPvn9SWM3gur	2023-04-13 23:22:15.642871+05:30	read write	6	57	2023-04-13 13:22:15.642871+05:30	2023-04-13 13:22:15.642871+05:30	\N	\N
486	jCbeAK4nkgysEfoaroRa2NlrlmPN4r	2023-04-14 04:16:46.210422+05:30	read write	6	19	2023-04-13 18:16:46.210422+05:30	2023-04-13 18:16:46.210422+05:30	\N	\N
487	Zqj2liOk90KF80WV8mmiK3DZo0fnIf	2023-04-14 04:19:04.93715+05:30	read write	6	57	2023-04-13 18:19:04.93715+05:30	2023-04-13 18:19:04.93715+05:30	\N	\N
488	L7p9A5Hwj2bYszIzxsFhhUHzLZiuA1	2023-04-14 05:37:16.316501+05:30	read write	6	57	2023-04-13 19:37:16.317501+05:30	2023-04-13 19:37:16.317501+05:30	\N	\N
489	AK6vaVE0FHrglLgqSwKgTV9BKdF0Fk	2023-04-14 05:37:24.39251+05:30	read write	6	19	2023-04-13 19:37:24.39251+05:30	2023-04-13 19:37:24.39251+05:30	\N	\N
490	yICMqtgNBzYBdZwgvDxK9BcE0ygnjv	2023-04-14 05:47:28.82439+05:30	read write	6	57	2023-04-13 19:47:28.82439+05:30	2023-04-13 19:47:28.82439+05:30	\N	\N
491	0xTXTVoSVHi7DUmbyjBuUBUaI3Xnlu	2023-04-14 05:54:15.621312+05:30	read write	6	19	2023-04-13 19:54:15.621312+05:30	2023-04-13 19:54:15.621312+05:30	\N	\N
492	LziUk5SCi2G9gQV5wQYO2OZIytAAmu	2023-04-14 05:54:45.214927+05:30	read write	6	57	2023-04-13 19:54:45.214927+05:30	2023-04-13 19:54:45.214927+05:30	\N	\N
493	BdifE660E1s7wcSwegil7eEKDn2W7Q	2023-04-14 05:55:00.677364+05:30	read write	6	19	2023-04-13 19:55:00.677364+05:30	2023-04-13 19:55:00.677364+05:30	\N	\N
494	HdZMbTsv7o6wZ0ZyN47u4a0LC47fbJ	2023-04-14 07:20:38.207122+05:30	read write	6	57	2023-04-13 21:20:38.207122+05:30	2023-04-13 21:20:38.207122+05:30	\N	\N
495	xJ0xzqavDabL3YCDs5kttPv1NONOVB	2023-04-15 19:22:03.966537+05:30	read write	6	19	2023-04-15 09:22:03.968549+05:30	2023-04-15 09:22:03.968549+05:30	\N	\N
496	7cEv2zzbfl3foQMz9JDeT6Anc9bxNJ	2023-04-15 19:47:04.113517+05:30	read write	6	19	2023-04-15 09:47:04.113517+05:30	2023-04-15 09:47:04.113517+05:30	\N	\N
497	r1AUh2S0Bn8bsMuPHd4tCgk50EQOlZ	2023-04-15 21:20:22.243849+05:30	read write	6	19	2023-04-15 11:20:22.245865+05:30	2023-04-15 11:20:22.245865+05:30	\N	\N
498	dRC2JrZQvxairsUo6TZZytnaRL3oZ3	2023-04-16 21:34:10.093853+05:30	read write	6	19	2023-04-16 11:34:10.094873+05:30	2023-04-16 11:34:10.094873+05:30	\N	\N
499	zavgzcW4UwHp6A4mgk8tAezS5b2lG3	2023-04-17 00:47:53.087772+05:30	read write	6	57	2023-04-16 14:47:53.087772+05:30	2023-04-16 14:47:53.087772+05:30	\N	\N
500	m9XfqKQGdIa5HAQEVRgWcEZ61MiFM9	2023-04-17 00:50:22.041706+05:30	read write	6	19	2023-04-16 14:50:22.041706+05:30	2023-04-16 14:50:22.041706+05:30	\N	\N
501	SIFxN8SeJ8ZRj6Y2SJyn1LYi3cTakD	2023-04-17 01:08:21.423433+05:30	read write	6	19	2023-04-16 15:08:21.423433+05:30	2023-04-16 15:08:21.423433+05:30	\N	\N
502	jY6R8dADEvdmhbyM2EQSiGXhP0qO4W	2023-04-17 21:21:40.99324+05:30	read write	6	19	2023-04-17 11:21:40.99324+05:30	2023-04-17 11:21:40.99324+05:30	\N	\N
503	IrGlggG0vSU1cYMRFh7uIz49ZhDVb1	2023-04-17 21:31:54.306004+05:30	read write	6	19	2023-04-17 11:31:54.306004+05:30	2023-04-17 11:31:54.306004+05:30	\N	\N
504	deYFScHgOn38YFsga4Ac7slSvjovEp	2023-04-18 21:16:16.923388+05:30	read write	6	19	2023-04-18 11:16:16.923388+05:30	2023-04-18 11:16:16.923388+05:30	\N	\N
505	aPns74Gvfx8sn74EUlpF4QOqT430Vb	2023-04-18 23:32:09.557091+05:30	read write	6	19	2023-04-18 13:32:09.557091+05:30	2023-04-18 13:32:09.557091+05:30	\N	\N
506	t9RmNdByCvBOnufw5cw7H0LxlpIteD	2023-04-18 23:48:54.891543+05:30	read write	6	19	2023-04-18 13:48:54.891543+05:30	2023-04-18 13:48:54.891543+05:30	\N	\N
507	pOpXRbyEaBSff5Z9yJ5HILc22IXNHd	2023-04-18 23:52:45.943657+05:30	read write	6	57	2023-04-18 13:52:45.943657+05:30	2023-04-18 13:52:45.943657+05:30	\N	\N
508	r1WFqYCtfCbjKQk9XmdaGpI19ppAVn	2023-04-18 23:53:29.149337+05:30	read write	6	19	2023-04-18 13:53:29.149337+05:30	2023-04-18 13:53:29.149337+05:30	\N	\N
509	NlrjXBD44NlLU1OHGWIcwnELcqPOhP	2023-04-18 23:54:39.988294+05:30	read write	6	19	2023-04-18 13:54:39.988294+05:30	2023-04-18 13:54:39.988294+05:30	\N	\N
510	r4Q0ZSfohzRpDFkhZQ88FZ32c2ojkK	2023-04-19 01:51:16.210856+05:30	read write	6	19	2023-04-18 15:51:16.210856+05:30	2023-04-18 15:51:16.210856+05:30	\N	\N
511	gAo44zNNuyrtIJsydP0y7LV039WbNi	2023-04-19 02:28:25.285009+05:30	read write	6	19	2023-04-18 16:28:25.285009+05:30	2023-04-18 16:28:25.285009+05:30	\N	\N
512	gfRsfkktZbIWtLi8abi4qkQ2byVFjE	2023-04-19 02:34:41.405237+05:30	read write	6	19	2023-04-18 16:34:41.405237+05:30	2023-04-18 16:34:41.405237+05:30	\N	\N
513	j3vKo50c12xkbSIZSWuefmCGoT0kJw	2023-04-19 20:48:39.40311+05:30	read write	6	19	2023-04-19 10:48:39.404109+05:30	2023-04-19 10:48:39.404109+05:30	\N	\N
514	4Rp874X9uimuBKgHzl98IuZWaofrxO	2023-04-19 20:49:01.515038+05:30	read write	6	19	2023-04-19 10:49:01.516053+05:30	2023-04-19 10:49:01.516053+05:30	\N	\N
515	k3zdG0MUQHWOjnyJXzJ3vFph6riWiE	2023-04-19 21:14:32.033669+05:30	read write	6	57	2023-04-19 11:14:32.033669+05:30	2023-04-19 11:14:32.033669+05:30	\N	\N
516	CalLcVS1NN5FZNFX34bRhziKn18dwf	2023-04-19 21:17:09.316714+05:30	read write	6	19	2023-04-19 11:17:09.316714+05:30	2023-04-19 11:17:09.316714+05:30	\N	\N
517	ciPdGlXe6ZIPXcqUGBfCewFsijo2Er	2023-04-19 21:49:23.953765+05:30	read write	6	19	2023-04-19 11:49:23.953765+05:30	2023-04-19 11:49:23.953765+05:30	\N	\N
518	90FTBUKjCZ4EOa8QyJgAEHFVQTk2c2	2023-04-20 02:51:28.193021+05:30	read write	6	57	2023-04-19 16:51:28.195012+05:30	2023-04-19 16:51:28.195012+05:30	\N	\N
519	MuoGXw4hKbyBY9xwKUbEmRyQtLk7N2	2023-04-20 20:42:05.008853+05:30	read write	6	19	2023-04-20 10:42:05.008853+05:30	2023-04-20 10:42:05.008853+05:30	\N	\N
520	HNIho5vCch09FxdjFBDvK1A2PtXMNb	2023-04-21 02:30:29.941647+05:30	read write	6	19	2023-04-20 16:30:29.941647+05:30	2023-04-20 16:30:29.941647+05:30	\N	\N
521	iMgXhSgm6K3Js63RDYdOzafZWhr9mH	2023-04-21 02:31:54.551375+05:30	read write	6	19	2023-04-20 16:31:54.552379+05:30	2023-04-20 16:31:54.552379+05:30	\N	\N
522	HUkHGWE59Jp4qsygLY7CRfVJy5POZV	2023-04-21 21:47:29.319143+05:30	read write	6	19	2023-04-21 11:47:29.319143+05:30	2023-04-21 11:47:29.319143+05:30	\N	\N
523	yOOmIBqhuvXB7VpU0J7Tp5fSlesHCl	2023-04-21 22:02:50.077577+05:30	read write	6	19	2023-04-21 12:02:50.077577+05:30	2023-04-21 12:02:50.077577+05:30	\N	\N
524	sHSDfwhwNv7dITeTf6vWc9IEkSqhoi	2023-04-21 22:05:16.307113+05:30	read write	6	19	2023-04-21 12:05:16.307113+05:30	2023-04-21 12:05:16.307113+05:30	\N	\N
525	N9ZkmMy9RUJZIjFMtfN91PjeWlmHBj	2023-04-25 19:36:37.618424+05:30	read write	6	19	2023-04-25 09:36:37.618424+05:30	2023-04-25 09:36:37.618424+05:30	\N	\N
526	KVD4ZR44q9OlrCujxQCHekWlR2ua0D	2023-04-26 19:10:37.01554+05:30	read write	6	19	2023-04-26 09:10:37.01554+05:30	2023-04-26 09:10:37.01554+05:30	\N	\N
527	PcTct8Z3f00vFAgtchdBgrJ3VVYfbH	2023-04-26 21:37:52.392234+05:30	read write	6	57	2023-04-26 11:37:52.393233+05:30	2023-04-26 11:37:52.393233+05:30	\N	\N
528	Y1oLSzJROBt0Wub61fVuJWLtoXfnk2	2023-04-27 20:09:53.508634+05:30	read write	6	19	2023-04-27 10:09:53.508634+05:30	2023-04-27 10:09:53.508634+05:30	\N	\N
529	aDTbke4Rc6OoU5O6L7EBHryTkbm8a2	2023-04-28 21:40:46.332079+05:30	read write	6	19	2023-04-28 11:40:46.332079+05:30	2023-04-28 11:40:46.332079+05:30	\N	\N
530	apWDpyIGcmf8rjOTe22e3PaJoIKL0c	2023-04-29 21:04:01.114316+05:30	read write	6	19	2023-04-29 11:04:01.114316+05:30	2023-04-29 11:04:01.114316+05:30	\N	\N
531	iI4vuaKJNklaHAX0uCmjhzUCjhvf8C	2023-04-29 23:03:10.312914+05:30	read write	6	19	2023-04-29 13:03:10.312914+05:30	2023-04-29 13:03:10.312914+05:30	\N	\N
532	rVVyizTWdzVR49iNdtSgCXVNKIZiCq	2023-04-30 04:58:38.49666+05:30	read write	6	57	2023-04-29 18:58:38.49666+05:30	2023-04-29 18:58:38.49666+05:30	\N	\N
533	1Skq6WrEr62Rm62i8UttAblfDxD5uf	2023-05-01 04:15:37.457044+05:30	read write	6	19	2023-04-30 18:15:37.457044+05:30	2023-04-30 18:15:37.457044+05:30	\N	\N
\.


--
-- Data for Name: oauth2_provider_application; Type: TABLE DATA; Schema: public; Owner: postgres
--

COPY public.oauth2_provider_application (id, client_id, redirect_uris, client_type, authorization_grant_type, client_secret, name, user_id, skip_authorization, created, updated, algorithm) FROM stdin;
6	W4lVDAicng5GIRJ4iMf6uq4IumaencMzDcJQii9P		confidential	password	pbkdf2_sha256$390000$IPSivzrEA4rsdQL6qvytIO$xeWiQAdxmiNk3EVD7GBRJs4gfwP3ire6oeg+rdnj6fM=		19	f	2023-04-12 17:07:08.416347+05:30	2023-04-12 17:07:08.416347+05:30	
\.


--
-- Data for Name: oauth2_provider_grant; Type: TABLE DATA; Schema: public; Owner: postgres
--

COPY public.oauth2_provider_grant (id, code, expires, redirect_uri, scope, application_id, user_id, created, updated, code_challenge, code_challenge_method, nonce, claims) FROM stdin;
\.


--
-- Data for Name: oauth2_provider_idtoken; Type: TABLE DATA; Schema: public; Owner: postgres
--

COPY public.oauth2_provider_idtoken (id, jti, expires, scope, created, updated, application_id, user_id) FROM stdin;
\.


--
-- Data for Name: oauth2_provider_refreshtoken; Type: TABLE DATA; Schema: public; Owner: postgres
--

COPY public.oauth2_provider_refreshtoken (id, token, access_token_id, application_id, user_id, created, updated, revoked) FROM stdin;
427	UHxFbj2AwOa3KPqPqIOwguEjXlZ47R	427	6	19	2023-04-12 17:29:59.084079+05:30	2023-04-12 17:29:59.084079+05:30	\N
428	hV8Vh5ITHqSRZalenRI4uw8opz2wBU	428	6	19	2023-04-12 17:33:46.282033+05:30	2023-04-12 17:33:46.282033+05:30	\N
429	q7OXaOy9WhRoHf93IqPRjmd41ei7wk	429	6	19	2023-04-12 17:34:09.106425+05:30	2023-04-12 17:34:09.106425+05:30	\N
430	3MdRh9ANuSbDjpYpIqfr6LJUojW9qs	430	6	19	2023-04-12 17:43:48.836341+05:30	2023-04-12 17:43:48.836341+05:30	\N
431	9530wZvznChjngKNoPA7Jd0ggYbGwv	431	6	19	2023-04-12 17:43:51.660817+05:30	2023-04-12 17:43:51.660817+05:30	\N
432	g2V4yf3o0Ema6V7FMKAkNkWGasO2ct	432	6	57	2023-04-12 17:55:57.634303+05:30	2023-04-12 17:55:57.634303+05:30	\N
434	yLHqmioRxcUwMEvghcJTreN4uh8Lzt	434	6	57	2023-04-12 18:00:22.054459+05:30	2023-04-12 18:00:22.054459+05:30	\N
435	zTVmfr7WcBItzhASJy1BN7Y5wr3RtV	435	6	19	2023-04-12 18:03:43.589913+05:30	2023-04-12 18:03:43.5909+05:30	\N
436	3w4C1uBYGDrDz2lbmiato177JQMzb0	436	6	19	2023-04-12 18:06:10.517211+05:30	2023-04-12 18:06:10.517211+05:30	\N
437	TYiWuqV9wH0JzoIDUUdixOu8oeslcU	437	6	57	2023-04-12 18:07:59.081138+05:30	2023-04-12 18:07:59.081138+05:30	\N
438	d2WYjR0ZdQJWxymFWacdQ5ZSrJYfMC	438	6	19	2023-04-12 19:57:48.506309+05:30	2023-04-12 19:57:48.506309+05:30	\N
439	hYl22WX0pfg3ioFPOcGptBgTSFjZEx	439	6	57	2023-04-12 20:00:17.243264+05:30	2023-04-12 20:00:17.243264+05:30	\N
440	VfbOtBAgs7lWTPuBJOBIUfThWaN3f3	440	6	19	2023-04-12 20:00:41.424729+05:30	2023-04-12 20:00:41.424729+05:30	\N
441	XOuxazZEFn9gYNGEv5GgyLVu0BTfCL	441	6	19	2023-04-12 20:04:22.362698+05:30	2023-04-12 20:04:22.362698+05:30	\N
442	OXG3GQimOXFs6AgQesdD5NL0aEo1Y5	442	6	57	2023-04-12 20:04:32.492309+05:30	2023-04-12 20:04:32.492309+05:30	\N
443	KmYPpGhI7jBB9RkIghq0YLIfWgqSoK	443	6	19	2023-04-12 20:05:47.104036+05:30	2023-04-12 20:05:47.104036+05:30	\N
444	TcZbGOOaL2RVa8VAqRBkKROLZYw5Ws	444	6	19	2023-04-12 20:06:01.2985+05:30	2023-04-12 20:06:01.2985+05:30	\N
445	hLFtSz4vEdJotEZNZyQ5gCPb7ymzVK	445	6	19	2023-04-12 20:06:17.873021+05:30	2023-04-12 20:06:17.873021+05:30	\N
446	V2lWXJdTTFRjVvDG8HTT052YMluBSt	446	6	19	2023-04-12 20:13:16.528471+05:30	2023-04-12 20:13:16.528471+05:30	\N
447	hIU8w8XWydRe4gFMovFZlvDAytHAtC	447	6	57	2023-04-12 20:13:24.764427+05:30	2023-04-12 20:13:24.764427+05:30	\N
448	7eUhPAOjHCDhjGCFw3CYDVZoAJPbbB	448	6	57	2023-04-12 20:14:00.906205+05:30	2023-04-12 20:14:00.906205+05:30	\N
449	Kp8qc8cKbKpXlhbZbDrbkS6IHzthgH	449	6	19	2023-04-12 20:15:58.189928+05:30	2023-04-12 20:15:58.189928+05:30	\N
450	6yNBEwX1bsF0RHJNP0OJ4lJG5yPed5	450	6	19	2023-04-12 20:16:06.393333+05:30	2023-04-12 20:16:06.393333+05:30	\N
451	rge9mGJd62n5090RpYSDH2cYTvrHsk	451	6	19	2023-04-12 20:16:55.049097+05:30	2023-04-12 20:16:55.049097+05:30	\N
452	IjIRtGDSH3DwTKWeynrpPcasmGlN7U	452	6	57	2023-04-12 20:18:58.055902+05:30	2023-04-12 20:18:58.055902+05:30	\N
454	3RXBm4hehbcj6AhAzbaLVrhNQB5sth	454	6	19	2023-04-12 20:19:33.788672+05:30	2023-04-12 20:19:33.788672+05:30	\N
455	CgRoIlZRWruYSBLywHXe3CJeBqzXd3	455	6	19	2023-04-12 20:20:17.751181+05:30	2023-04-12 20:20:17.751181+05:30	\N
456	fcSvr8Vak7A3xQyTATVkT9fY0famDM	456	6	57	2023-04-12 20:20:25.670675+05:30	2023-04-12 20:20:25.670675+05:30	\N
457	1jqs4ss4DLAIHpDPjxF8OsRUOk4L05	457	6	19	2023-04-12 20:21:19.518261+05:30	2023-04-12 20:21:19.518261+05:30	\N
458	jtEvANjKHXNKeGlBZziG2C9FjXRF2e	458	6	19	2023-04-12 20:21:51.566277+05:30	2023-04-12 20:21:51.566277+05:30	\N
459	IaCnzaDAM2NYkpOtLTIXe5TVE6hHyy	459	6	57	2023-04-12 20:22:39.67466+05:30	2023-04-12 20:22:39.67466+05:30	\N
460	10j2OISkZndxFQ5HsvHzBFWMMGa1PJ	460	6	19	2023-04-12 20:23:28.009867+05:30	2023-04-12 20:23:28.009867+05:30	\N
462	MnERthGczYSk6POQ46nftqa2WXUJ9o	462	6	19	2023-04-12 20:24:30.880353+05:30	2023-04-12 20:24:30.880353+05:30	\N
463	kqGyh9sFJphFFGjQXnelNX3jvzchlt	463	6	19	2023-04-12 20:27:30.562509+05:30	2023-04-12 20:27:30.562509+05:30	\N
464	kHsrbND8SKiljlMWltp3L8wLpqv6jH	464	6	57	2023-04-12 20:27:42.497879+05:30	2023-04-12 20:27:42.497879+05:30	\N
466	fXqJnvflHyxWLl8SLf8NXbgYiiXxnE	466	6	19	2023-04-12 20:28:58.40895+05:30	2023-04-12 20:28:58.40895+05:30	\N
467	swNzZiKJ7X8J0y9W2eCwXi3eGZSfCZ	467	6	19	2023-04-12 20:29:47.270888+05:30	2023-04-12 20:29:47.270888+05:30	\N
469	6PhSoyYVbszqQLXurzI3BPkRxcSsdS	469	6	19	2023-04-12 20:31:11.583902+05:30	2023-04-12 20:31:11.583902+05:30	\N
470	KIgwmgDDaXUZ6cYcOoMikNf1N6tmak	470	6	19	2023-04-12 20:33:10.926913+05:30	2023-04-12 20:33:10.926913+05:30	\N
471	inLv60t9uUR8Z7IFSXo7lPpdwuExga	471	6	19	2023-04-12 20:38:05.754798+05:30	2023-04-12 20:38:05.754798+05:30	\N
472	FiprdMAz5YzgtBUfHD8NqmqBXLcZn3	472	6	19	2023-04-12 20:41:03.209224+05:30	2023-04-12 20:41:03.209224+05:30	\N
473	znxwmoRmRsr1A9mfVXCD80LtESdzBQ	473	6	19	2023-04-13 10:55:22.704897+05:30	2023-04-13 10:55:22.704897+05:30	\N
474	K3xljPiqiVj9779sepwn1iaiSAiEq6	474	6	19	2023-04-13 11:01:21.134941+05:30	2023-04-13 11:01:21.134941+05:30	\N
475	BoK59YQyrGytpuKUICvC01pC0kLaT2	475	6	57	2023-04-13 11:01:36.585324+05:30	2023-04-13 11:01:36.585324+05:30	\N
476	SMo2UMQwKhcKx5z1z3DsYT7pdp1lsk	476	6	19	2023-04-13 11:23:35.836084+05:30	2023-04-13 11:23:35.836084+05:30	\N
477	jSLC73VAseOWmkf5Anid3JeCu04rCW	477	6	19	2023-04-13 12:40:31.155722+05:30	2023-04-13 12:40:31.155722+05:30	\N
478	E1c3pTrpK5UsLhnrfyCySe7W3uPZ5W	478	6	19	2023-04-13 12:45:24.749946+05:30	2023-04-13 12:45:24.749946+05:30	\N
479	mxjg4Q3AKFpBnpiaxiWh3myl0zGczc	479	6	57	2023-04-13 12:47:08.534974+05:30	2023-04-13 12:47:08.534974+05:30	\N
480	Pbzh4fMAPxKdCiPw1Fy1CimUym7iQZ	480	6	57	2023-04-13 12:48:38.824414+05:30	2023-04-13 12:48:38.824414+05:30	\N
481	EgEzrXzl8FkbLHWQLThnZigbE8kqHD	481	6	19	2023-04-13 12:48:50.212577+05:30	2023-04-13 12:48:50.212577+05:30	\N
482	ujl8dkutiKAgKYABKcMUATnWtWwITa	482	6	19	2023-04-13 12:54:19.596052+05:30	2023-04-13 12:54:19.596052+05:30	\N
483	rlneCVQaB1WdZm4jknoHFCXL1Ds5gz	483	6	57	2023-04-13 13:16:45.794498+05:30	2023-04-13 13:16:45.794498+05:30	\N
484	Tfl6u7nnqUVLMvednJZbOkz0sQ5Iiq	484	6	19	2023-04-13 13:21:55.6335+05:30	2023-04-13 13:21:55.6335+05:30	\N
485	NJFmjW6qog0VPhXtXUx5wfxWzsDbFh	485	6	57	2023-04-13 13:22:15.646825+05:30	2023-04-13 13:22:15.646825+05:30	\N
486	pIchx8CwFSmLNeuEDs26wGvQJhn5Gi	486	6	19	2023-04-13 18:16:46.210422+05:30	2023-04-13 18:16:46.210422+05:30	\N
487	OXR869nPRrB4t3L5U4hRNVCYgoYSg7	487	6	57	2023-04-13 18:19:04.952777+05:30	2023-04-13 18:19:04.952777+05:30	\N
488	zPmVrIFM6jBHp6eud6MMHjlBkDZnlQ	488	6	57	2023-04-13 19:37:16.324501+05:30	2023-04-13 19:37:16.324501+05:30	\N
489	l5wSIGy7ik01FAHpVsCshev9oAXJ61	489	6	19	2023-04-13 19:37:24.396525+05:30	2023-04-13 19:37:24.396525+05:30	\N
490	04kgsI0RZMwri5spzbvbomzyr2gy2L	490	6	57	2023-04-13 19:47:28.82439+05:30	2023-04-13 19:47:28.82439+05:30	\N
491	VF1t689c7icfmcjwoOCDwfnvod0W3j	491	6	19	2023-04-13 19:54:15.633504+05:30	2023-04-13 19:54:15.633504+05:30	\N
492	eJv3301ra9TJXz2SQXiDFPCHLfIjmX	492	6	57	2023-04-13 19:54:45.214927+05:30	2023-04-13 19:54:45.214927+05:30	\N
493	zgnJjMWAbqtY6ZginQMx7TXJE0G1GR	493	6	19	2023-04-13 19:55:00.677364+05:30	2023-04-13 19:55:00.677364+05:30	\N
494	V1r1E1MNqDVlR6h9JaRKKAq9FY02Bp	494	6	57	2023-04-13 21:20:38.207122+05:30	2023-04-13 21:20:38.207122+05:30	\N
495	FtqQfIlb3PjyfJFvnI0pXPFF6uENYw	495	6	19	2023-04-15 09:22:03.987062+05:30	2023-04-15 09:22:03.987062+05:30	\N
496	LeBN3uhmza68aP8E3SZRcjVFMb1rCK	496	6	19	2023-04-15 09:47:04.131026+05:30	2023-04-15 09:47:04.131026+05:30	\N
497	owHVskOKskDS5NmA1c8pRiqyPbROLa	497	6	19	2023-04-15 11:20:22.246495+05:30	2023-04-15 11:20:22.246495+05:30	\N
498	JJD2U9s8Xr1cP4UNiM955AFtTaHiMy	498	6	19	2023-04-16 11:34:10.098862+05:30	2023-04-16 11:34:10.098862+05:30	\N
499	T6m1HwqRoCJbH5W2DeFDHhn1DjHXn9	499	6	57	2023-04-16 14:47:53.098499+05:30	2023-04-16 14:47:53.098499+05:30	\N
500	uiixd9SIpe8qPbmGPZEvWvDHEdEqyW	500	6	19	2023-04-16 14:50:22.057729+05:30	2023-04-16 14:50:22.057729+05:30	\N
501	ehLeWmp3wS14ukt0QaTcgVP0v37wve	501	6	19	2023-04-16 15:08:21.428976+05:30	2023-04-16 15:08:21.428976+05:30	\N
502	YcTZSMusb0CVSvaqWNDtwglhNPXdv9	502	6	19	2023-04-17 11:21:40.99324+05:30	2023-04-17 11:21:40.99324+05:30	\N
503	7DXRIHCM0cT1MIPkTLW0xX9ynQtkS9	503	6	19	2023-04-17 11:31:54.306004+05:30	2023-04-17 11:31:54.306004+05:30	\N
504	FiDFVxgOz9HJB26AODshA45uNOVot9	504	6	19	2023-04-18 11:16:16.956393+05:30	2023-04-18 11:16:16.956393+05:30	\N
505	AFlHqtz7olz3PXQYKxTAPikGC1FkxB	505	6	19	2023-04-18 13:32:09.561099+05:30	2023-04-18 13:32:09.561099+05:30	\N
506	7W5dDGhy6rgGZnf0tHQJtUS4Wih0MS	506	6	19	2023-04-18 13:48:54.891543+05:30	2023-04-18 13:48:54.891543+05:30	\N
507	gkzb7W3AzodXKKqQpbSaj8AjRdNSkt	507	6	57	2023-04-18 13:52:45.945749+05:30	2023-04-18 13:52:45.945749+05:30	\N
508	tEakWKy5K5Jz7ePv0wEnoXQyUxj2s3	508	6	19	2023-04-18 13:53:29.152659+05:30	2023-04-18 13:53:29.152659+05:30	\N
509	wY4sY6K2DaYWfmhq9weDxKqMIeHtWW	509	6	19	2023-04-18 13:54:39.988294+05:30	2023-04-18 13:54:39.988294+05:30	\N
510	C4ELBx47gHDfI5LPq3JFrNijbuW5os	510	6	19	2023-04-18 15:51:16.222241+05:30	2023-04-18 15:51:16.222241+05:30	\N
511	13On50fL6ETT5jjSYVC406ViV2l5Nj	511	6	19	2023-04-18 16:28:25.302495+05:30	2023-04-18 16:28:25.302495+05:30	\N
512	wMCSEBHgWABJSxi8Fq80Ht9w1YX9ow	512	6	19	2023-04-18 16:34:41.409237+05:30	2023-04-18 16:34:41.409237+05:30	\N
513	josZcAgblohBCQapOnX6qRFRLTEhFf	513	6	19	2023-04-19 10:48:39.40911+05:30	2023-04-19 10:48:39.40911+05:30	\N
514	XKvMr9gmNIhpaHE4AcUtAgiRlmRQJc	514	6	19	2023-04-19 10:49:01.520066+05:30	2023-04-19 10:49:01.520066+05:30	\N
515	ognvCviQYXioKtaw6r91yMAigawKgl	515	6	57	2023-04-19 11:14:32.037674+05:30	2023-04-19 11:14:32.037674+05:30	\N
516	HW7zcxo8lbkaNPa8HIWX1uIEkRKED4	516	6	19	2023-04-19 11:17:09.332353+05:30	2023-04-19 11:17:09.332353+05:30	\N
517	64YNVtohyTiI4WNdtOp9sc9mqTv2Vn	517	6	19	2023-04-19 11:49:23.96637+05:30	2023-04-19 11:49:23.96637+05:30	\N
518	sAA9aZpz268ViXMKlaiDM3n8mULQlj	518	6	57	2023-04-19 16:51:28.20001+05:30	2023-04-19 16:51:28.20001+05:30	\N
519	y32mZHe7FHVieV43dyQ8VBCoAZMxLn	519	6	19	2023-04-20 10:42:05.024438+05:30	2023-04-20 10:42:05.024438+05:30	\N
520	iQR7Km5dF3wjLMtsXXUV9xKywCQPla	520	6	19	2023-04-20 16:30:29.941647+05:30	2023-04-20 16:30:29.941647+05:30	\N
521	WNYYu1jGAvT2DUfGTpGwI1SXA3tCjc	521	6	19	2023-04-20 16:31:54.554732+05:30	2023-04-20 16:31:54.554732+05:30	\N
522	jMuVCDB9VOfBiFfGtXRayCozyMVbNo	522	6	19	2023-04-21 11:47:29.326307+05:30	2023-04-21 11:47:29.326307+05:30	\N
523	c1vDqJOgVRBzuPov3Pvf5cigw5Mbxq	523	6	19	2023-04-21 12:02:50.077577+05:30	2023-04-21 12:02:50.077577+05:30	\N
524	YT3MRAGz7Tq8IUCEcCuNvwXXQ64NIh	524	6	19	2023-04-21 12:05:16.313462+05:30	2023-04-21 12:05:16.313462+05:30	\N
525	X5KJHdUbZhMgRZJqa0Wf87WC4RTs9A	525	6	19	2023-04-25 09:36:37.618424+05:30	2023-04-25 09:36:37.618424+05:30	\N
526	qzdoHKgwT0VHW2YFTBLfT9fSWQfg1m	526	6	19	2023-04-26 09:10:37.01554+05:30	2023-04-26 09:10:37.01554+05:30	\N
527	pd0mUwtbfYAC79AAO10zbbpGCcxiqJ	527	6	57	2023-04-26 11:37:52.403516+05:30	2023-04-26 11:37:52.403516+05:30	\N
528	J7IyEtEwEYJ78JbesKdXJAxcggKf67	528	6	19	2023-04-27 10:09:53.53807+05:30	2023-04-27 10:09:53.53807+05:30	\N
529	EjvuivvObx4V2vZYXXPzrBABhDM8ps	529	6	19	2023-04-28 11:40:46.348579+05:30	2023-04-28 11:40:46.348579+05:30	\N
530	yRGqFsyjGgso4POw8Qp6fZrzedXnpw	530	6	19	2023-04-29 11:04:01.129881+05:30	2023-04-29 11:04:01.129881+05:30	\N
531	V9Oj1bcK90sQli73OGVYrD4yzP3sFC	531	6	19	2023-04-29 13:03:10.312914+05:30	2023-04-29 13:03:10.312914+05:30	\N
532	tolF4NCT9HViaSJ5o1XtLNM5IyTx3t	532	6	57	2023-04-29 18:58:38.51433+05:30	2023-04-29 18:58:38.51433+05:30	\N
533	I8aUpDfioO9ImXoowGaiwz5pmR4FCq	533	6	19	2023-04-30 18:15:37.475156+05:30	2023-04-30 18:15:37.475156+05:30	\N
\.


--
-- Data for Name: packages_itinerary; Type: TABLE DATA; Schema: public; Owner: postgres
--

COPY public.packages_itinerary (id, day, activity, package_id) FROM stdin;
3	1	fvwegvwe	3
4	2	fweg	3
5	1	cawsw	4
6	2	asfcwascv	4
7	1	Dehradun to Sankri Pick up from Dehradun at 6:30 am, drive all the way to Sankri. Expected arrival time at Sankri  4:00 pM To reach Sankri Village, we drive through Dehradun and Mussoorie, and also we pass by wonderful pine forests. After reaching sankari, we will explore the hamlet to prepare for the trek.	17
8	2	Sankri to Juda Tal 4 kms trek, approx 4 to 5 hours Stay in tents.	17
9	3	Juda Tal to Kedarkantha base 4 kms trek, approx 4 to 5 hours Stay in tents.	17
10	4	Trek to Kedarkantha peak and head back to Sankri 14 kms trek, approx 3 hours to Kedarkantha peak and 4 hours to Sankri Stay at Kotgaon	17
11	5	Sankri to Dehradun. Distance: 220 km drive, approx 8/9hours You will be dropped at Dehradun railway station between 6 pm and 7 pm. You can book your travel any time after 8 pm	17
12	1	On arrival of Kodaikanal Check in hotel and the day free for leisure activities like Boating, horse riding, cycling and other activities around the Lake and shopping.	18
13	2	After Breakfast proceeding full day sightseeing Cookers walk, Upper Lake view, Moir Point, Devils Kitchen, Pillar Rock, Golf course, Green Valley, Bryant Park , Lake,	18
14	3	After Breakfast Check out of the hotel, Half day Picnic Tour to La Saleth Church, Vattakanal Fall, Pambar Fall, Lion cave, Dolphin Nose, Eco Rock, Bear shoal fall and evening depart to Home	18
\.


--
-- Data for Name: packages_package; Type: TABLE DATA; Schema: public; Owner: postgres
--

COPY public.packages_package (id, name, category, places, duration, inclusions, exclusions, average_rating, total_reviews, main_place, discount_percent, price, type, location, is_active, itinerary_pdf) FROM stdin;
9	Explore Utharakhand	Winter	{[wandoor,kutttiyil]}	5N4D	{[wandoor,kutttiyil]}	{[wandoor,kutttiyil]}	\N	\N	Utharakhand	10	34000	Deluxe	\N	t	\N
13	Explore Rishikesh	Winter	{[wandoor,kutttiyil]}	5N4D	{[wandoor,kutttiyil]}	{[wandoor,kutttiyil]}	5	1	Utharakhand	0	20000	Deluxe	\N	t	
18	Shades of Kodaikanal	Monsoon	{['Kodaikanal','Malakkappara']}	5N6D	{"['Taxi Charges'","'Bus fare'","'Food and accomodation']"}	{"['Any services or activity charges other than those included in the itinerary'","'Activities at own cost*'","' Train fare'","' Accommodation in 3- star hotels']"}	2.75	4	Kerala	5	14000	Deluxe	https://www.google.com/maps/embed?pb=!1m18!1m12!1m3!1d62821.23983257677!2d77.46185239941079!3d10.235149278617813!2m3!1f0!2f0!3f0!3m2!1i1024!2i768!4f13.1!3m3!1m2!1s0x3b0766637f0a0387%3A0x9ffae9373758c13c!2sKodaikanal%2C%20Tamil%20Nadu!5e0!3m2!1sen!2sin!4v1681200316600!5m2!1sen!2sin	t	
17	Kedarkantha Trek	Winter	{['Dehradune','Kedarkantha','Dune']}	4N5D	{"['All transfers in shared taxi'","'Pick up and drop from/to Dehradun'","' Accommodation in 3- star hotels'","' Travel by comfortable cab/tempo traveler']"}	{"['Any Air fare","Train fare","Bus fare'","'Activities at own cost*'","'Any services or activity charges other than those included in the itinerary']"}	4.6	5	Utharakhand	10	37500	Standard	https://www.google.com/maps/embed?pb=!1m18!1m12!1m3!1d13676.283358829027!2d78.16198262992947!3d31.024275904581774!2m3!1f0!2f0!3f0!3m2!1i1024!2i768!4f13.1!3m3!1m2!1s0x3908a6ef73efd40f%3A0xc71682efaa902ede!2sKedarkantha!5e0!3m2!1sen!2sin!4v1681048050496!5m2!1sen!2sin	t	itinerary/Mohammed_Mishal_Feb_2023.pdf
12	Explore Haridwar	Spring	{[wandoor,kutttiyil]}	5N4D	{[wandoor,kutttiyil]}	{[wandoor,kutttiyil]}	4.8	15	Utharakhand	6	20000	Deluxe	\N	t	\N
16	A night in Dal Lake	Autumn	{[wandoor,kutttiyil]}	5N4D	{[wandoor,kutttiyil]}	{[wandoor,kutttiyil]}	5	16	Kashmir	5	45000	Premium	\N	t	\N
10	Explore Kolkata	Spring	{[wandoor,kutttiyil]}	5N4D	{[wandoor,kutttiyil]}	{[wandoor,kutttiyil]}	\N	\N	West Bengal	0	20000	Deluxe		t	\N
11	Valley Of Flowers	Autumn	{[wandoor,kutttiyil]}	5N4D	{[wandoor,kutttiyil]}	{[wandoor,kutttiyil]}	3.2	5	Utharakhand	5	25000	Deluxe	\N	t	
4	An Escapade	Winter	{[wandoor,kutttiyil]}	5N4D	{[wandoor,kutttiyil]}	{[wandoor,kutttiyil]}	\N	\N	Kashmir	0	20000	Deluxe	\N	t	\N
6	Explore Agra	Summer	{[wandoor,kutttiyil]}	5N4D	{[wandoor,kutttiyil]}	{[wandoor,kutttiyil]}	\N	\N	Delhi & Agra	0	20000	Deluxe	\N	t	\N
7	Explore Manali	Winter	{[wandoor,kutttiyil]}	5N4D	{[wandoor,kutttiyil]}	{[wandoor,kutttiyil]}	\N	\N	Manali	0	20000	Deluxe	\N	t	\N
8	Explore Sikkim	Autumn	{[wandoor,kutttiyil]}	5N4D	{[wandoor,kutttiyil]}	{[wandoor,kutttiyil]}	\N	\N	Sikkim	0	20000	Deluxe	\N	t	\N
3	Explore Kashmir	Winter	{['Sonamarg','Gulmarg']}	5N4D	{['foo','foo']}	{['foo','foo']}	\N	\N	Kashmir	0	20000	Deluxe	\N	t	\N
5	Enroute Special	Summer	{[wandoor,kutttiyil]}	5N4D	{[wandoor,kutttiyil]}	{[wandoor,kutttiyil]}	5	4	Meghalaya	0	20000	Deluxe	\N	t	
14	Cold Munnar	Monsoon	{[wandoor,kutttiyil]}	5N4D	{[wandoor,kutttiyil]}	{[wandoor,kutttiyil]}	4.5	12	Kerala	0	20000	Deluxe	\N	t	\N
15	Goan Beaches	Monsoon	{[wandoor,kutttiyil]}	5N4D	{[wandoor,kutttiyil]}	{[wandoor,kutttiyil]}	5	1	Goa	0	20000	Deluxe	\N	t	
\.


--
-- Data for Name: packages_packageimage; Type: TABLE DATA; Schema: public; Owner: postgres
--

COPY public.packages_packageimage (id, image, package_id) FROM stdin;
7	images/dawki_2.jpg	5
6	images/gulmnarg.jpeg	4
4	images/pahalgam.jpg	3
8	images/thaj.jpeg	6
9	images/Manali.jpeg	7
10	images/sikkim.jpg	8
11	images/agra_fort_4.jpeg	6
12	images/Utharakhand.jpg	9
13	images/Kolkata.jpg	10
14	images/Utharakhand2.jpg	9
15	images/Utharakhand3.jpg	9
16	images/Utharakhand4.jpg	9
17	images/Utharakhand5.jpg	9
18	images/Utharakhand6.jpg	9
19	images/VOF1.jpg	11
20	images/vof2.jpg	11
21	images/Haridwar.jpg	12
22	images/rishikesh.jpg	13
23	images/Munnar.jpeg	14
24	images/goa1.jpg	15
25	images/goa2.jpg	15
26	images/goa3.jpg	15
27	images/dal_lake.jpg	16
33	images/creators-TGB9rJrctiQ-unsplash.jpg	17
34	images/cristina-gottardi-4L-AyDJM-yM-unsplash.jpg	17
35	images/else-marie-de-leeuw-U1pF6SJ4fs8-unsplash.jpg	17
36	images/tom-coomer-de0P588zgls-unsplash.jpg	17
37	images/jasper-guy-Dzd_O5cnr0Y-unsplash.jpg	17
38	images/fynn-DEnuB_zok9M-unsplash.jpg	17
39	images/joseph-daniel-7FprFl6VIu8-unsplash.jpg	18
40	images/ricardo-gomez-angel-dTSaC-S-7fs-unsplash.jpg	18
41	images/annie-spratt-7CME6Wlgrdk-unsplash.jpg	18
42	images/blake-cheek-3o0V2Obo0yc-unsplash.jpg	18
43	images/nicholas-beel-69n54RVh4tE-unsplash.jpg	18
44	images/IMG_0645-03.jpeg.jpg	9
\.


--
-- Data for Name: packages_review; Type: TABLE DATA; Schema: public; Owner: postgres
--

COPY public.packages_review (id, review_text, rating, package_id, user_id, created_at) FROM stdin;
13	Good packages providing company	5	17	57	2023-04-13
14	nice 	5	17	57	2023-04-13
15	good company	5	17	57	2023-04-13
16	Not that good	4	17	57	2023-04-13
17	bad	1	18	57	2023-04-13
18	badaa	3	18	57	2023-04-13
19	badaa	3	18	57	2023-04-13
21	good trips	4	18	19	2023-04-16
22	Nice package	5	13	57	2023-04-19
23	Good	5	11	19	2023-04-20
24	Nice tours	4	17	19	2023-04-20
25	Good trips	5	15	19	2023-04-21
26	Nice packages	5	11	19	2023-04-26
27	Bad Tors	2	11	57	2023-04-26
30	good trips	5	5	57	2023-04-26
33	Making sure users dont accidentally delete data is an important safeguard for most web applications. This React tutorial will show you how to create a reusable delete confirmation modal using React, React Bootstrap, and React Font Awesome.	5	5	57	2023-04-26
34	    	5	5	57	2023-04-26
35	fgnnh	5	5	57	2023-04-26
\.


--
-- Data for Name: packages_wishlist; Type: TABLE DATA; Schema: public; Owner: postgres
--

COPY public.packages_wishlist (id, added_at, is_active, user_id) FROM stdin;
1	2023-04-12 20:57:51.913455+05:30	t	19
2	2023-04-13 11:02:32.409107+05:30	t	57
\.


--
-- Data for Name: packages_wishlist_packages; Type: TABLE DATA; Schema: public; Owner: postgres
--

COPY public.packages_wishlist_packages (id, wishlist_id, package_id) FROM stdin;
65	2	5
67	1	5
68	1	4
70	1	3
71	1	7
72	1	8
73	1	9
74	1	10
75	1	6
48	2	16
\.


--
-- Data for Name: social_auth_association; Type: TABLE DATA; Schema: public; Owner: postgres
--

COPY public.social_auth_association (id, server_url, handle, secret, issued, lifetime, assoc_type) FROM stdin;
\.


--
-- Data for Name: social_auth_code; Type: TABLE DATA; Schema: public; Owner: postgres
--

COPY public.social_auth_code (id, email, code, verified, "timestamp") FROM stdin;
\.


--
-- Data for Name: social_auth_nonce; Type: TABLE DATA; Schema: public; Owner: postgres
--

COPY public.social_auth_nonce (id, server_url, "timestamp", salt) FROM stdin;
\.


--
-- Data for Name: social_auth_partial; Type: TABLE DATA; Schema: public; Owner: postgres
--

COPY public.social_auth_partial (id, token, next_step, backend, data, "timestamp") FROM stdin;
\.


--
-- Data for Name: social_auth_usersocialauth; Type: TABLE DATA; Schema: public; Owner: postgres
--

COPY public.social_auth_usersocialauth (id, provider, uid, extra_data, user_id, created, modified) FROM stdin;
14	google-oauth2	bannawandoor@gmail.com	{"auth_time": 1682858737, "expires": null, "access_token": "ya29.a0AWY7CknnMG2dWole9uew5_ik7ad6q-vAmIHfo0QHx5UnVHFymdMxPMmP6w7JlgHQN5avbnPnQyq3GZ5zzIz088Z_hPLL37DjlfPCOlzIy8lr9__fp9FhHjJp0wpPRRH-mtWnpaKaq0ZhviIFV37RQdewfe2r018aCgYKASISARASFQG1tDrpeOpOuqMTTKzPFbyGNmAd5g0166", "token_type": null}	19	2023-03-24 08:49:11.374428+05:30	2023-04-30 18:15:37.440168+05:30
19	google-oauth2	admissiondelhibannoottan@gmail.com	{"auth_time": 1682058750, "expires": null, "access_token": "ya29.a0Ael9sCO0kLf7ezmGtUI3-OLhAJtGsddh08Q4qDzPQO28xwYoiiKzuT2JM-Q_-krpUriNUN_E0Q17IbJ6usWs5yFMJ6rhCfDSosZDE9z_jfY-u2jp3dHil26JKWVY_WYbweYOfWBcI9gPHZJ_FeMitzALvHQWZd0aCgYKAR0SAQ4SFQF4udJhnRbBJF4ezkGgC_0O3KMBxA0166", "token_type": null}	59	2023-04-21 12:02:30.727084+05:30	2023-04-21 12:02:30.742389+05:30
17	google-oauth2	contentpooocha@gmail.com	{"auth_time": 1682774918, "expires": null, "access_token": "ya29.a0AWY7CkmVAdr1_xKJsdJ0lbRQ3gyNejAscxnH3N4FTZ3IXz77SKLnJB-y-Q_e92x26p66xQIdctfbTmG0LA3wzrf6jF_C2LxZNWNE7hP7uNsAMvKfL2-6X3gReC6QxU_aUbSLT79Qa80UYc9pXbsynu56HuZujJ4aCgYKATYSARESFQG1tDrp7otw3BH4QzMZ25YKQf3cEw0166", "token_type": null}	57	2023-04-12 17:55:57.618633+05:30	2023-04-29 18:58:38.496036+05:30
\.


--
-- Data for Name: spatial_ref_sys; Type: TABLE DATA; Schema: public; Owner: postgres
--

COPY public.spatial_ref_sys (srid, auth_name, auth_srid, srtext, proj4text) FROM stdin;
\.


--
-- Data for Name: users_account; Type: TABLE DATA; Schema: public; Owner: postgres
--

COPY public.users_account (id, password, first_name, last_name, email, phone_number, date_jointed, last_login, is_admin, is_staff, is_active, is_superadmin, otp, is_superuser, is_verified, address, gender, profile_image) FROM stdin;
19	pbkdf2_sha256$390000$qIR8CyBIjJeKdzdZDLR6dY$M4L3cGl14zVwjvzGov1fIwd8wiMS+JpKLC6DO4uy2hY=	Hasanul	Banna	bannawandoor@gmail.com	7034725948	2023-03-22 16:46:55.503121+05:30	2023-04-28 11:46:57.259013+05:30	t	t	t	t	\N	f	t	Pathayakkadavan house, meppadam mampa	O	user_profile/photo_GKAD8pM.jpg
57	!hT8c9VhomL69BhutOSpRsZaCg465mj9jGIKeFZTK	Content	Poocha	contentpooocha@gmail.com	7034725980	2023-04-12 17:55:57.603099+05:30	2023-04-12 17:55:57.603099+05:30	f	f	t	f	\N	f	f	Pathayakkadavan house, meppadam mampad po	F	user_profile/WIN_20230413_18_17_26_Pro_ZNtNdCE.jpg
59	pbkdf2_sha256$390000$oc52Rn5K0i6AvJh7AXm1dC$SmmpSVIke0+YCKNJzGjGsl3+z1lAvjLVgUj8Jhte5Rk=	Ben		admissiondelhibannoottan@gmail.com		2023-04-15 09:45:59.698025+05:30	2023-04-15 09:45:59.698025+05:30	f	f	f	f	185215	f	f	\N	M	
\.


--
-- Data for Name: users_account_groups; Type: TABLE DATA; Schema: public; Owner: postgres
--

COPY public.users_account_groups (id, account_id, group_id) FROM stdin;
\.


--
-- Data for Name: users_account_user_permissions; Type: TABLE DATA; Schema: public; Owner: postgres
--

COPY public.users_account_user_permissions (id, account_id, permission_id) FROM stdin;
\.


--
-- Data for Name: utilities_contact; Type: TABLE DATA; Schema: public; Owner: postgres
--

COPY public.utilities_contact (id, name, email, message) FROM stdin;
1	Cold Munnar	bannawandoor@gmail.com	fgh
3	fdhew	hhhaaa@ain.com	wdedfsdf
2	fdh	dfh@dsf	Good trips
4	hello	bannawandoor@gamil.com	hello this is a message from  ridaabi
\.


--
-- Data for Name: utilities_coupon; Type: TABLE DATA; Schema: public; Owner: postgres
--

COPY public.utilities_coupon (id, code, coupon_name, discount_price, expiration_date, is_active) FROM stdin;
6	husnu	Enroute Special	2500	2023-07-19 11:53:16+05:30	t
7	Ponnu123	Vishu Offer	500	2023-07-11 12:09:55+05:30	t
\.


--
-- Data for Name: utilities_couponassignment; Type: TABLE DATA; Schema: public; Owner: postgres
--

COPY public.utilities_couponassignment (id, assigned_at, coupon_id, user_id) FROM stdin;
\.


--
-- Data for Name: utilities_enquiry; Type: TABLE DATA; Schema: public; Owner: postgres
--

COPY public.utilities_enquiry (id, client_name, client_phone, client_message, checked) FROM stdin;
38	hello	7034725940	efwcffwes	f
39	ajans	07034725942	c fvg	f
40	xz c	703472594	zx c	f
41	Banna wandoor	07034725940	fewsfgvwe	f
42	ajans	07034725942	wtfgwsfv	f
43	Banna wandoor	07034725940	wer	f
44	cw	703472594	weaq	f
45	ca	09447947280	cd	f
46	ca	09447947280	cd	f
47	ca	09447947280	cd	f
48	ca	09447947280	cd	f
49	ca	09447947280	cdASD	f
50	ca	09447947280	cdASD	f
51	ds	07034725940	sd cvzdef	f
52	dsx	09400157576	jh	f
53	ajans	07034725942	rt	f
54	xz c	07034725940	ertger	f
55	xz c	07034725940	tyhuft	f
\.


--
-- Data for Name: utilities_testimonial; Type: TABLE DATA; Schema: public; Owner: postgres
--

COPY public.utilities_testimonial (id, client_name, client_place, client_image, content) FROM stdin;
4	Husna	Malappuram	testimonials/husna_Ksw7yBY.jpg	Awesome Trips
5	Anwar	Malappuram	testimonials/WhatsApp_Image_2023-04-01_at_11.26.21.jpg	Great
2	Musthafa	Wandoor	testimonials/WhatsApp_Image_2023-04-01_at_10.38.49.jpg	this is an awsome trip provider
1	Banna	wandoor	testimonials/gulmnarg.jpeg	Good vibes
\.


--
-- Name: auth_group_id_seq; Type: SEQUENCE SET; Schema: public; Owner: postgres
--

SELECT pg_catalog.setval('public.auth_group_id_seq', 1, false);


--
-- Name: auth_group_permissions_id_seq; Type: SEQUENCE SET; Schema: public; Owner: postgres
--

SELECT pg_catalog.setval('public.auth_group_permissions_id_seq', 1, false);


--
-- Name: auth_permission_id_seq; Type: SEQUENCE SET; Schema: public; Owner: postgres
--

SELECT pg_catalog.setval('public.auth_permission_id_seq', 124, true);


--
-- Name: booking_booking_id_seq; Type: SEQUENCE SET; Schema: public; Owner: postgres
--

SELECT pg_catalog.setval('public.booking_booking_id_seq', 167, true);


--
-- Name: booking_payment_id_seq; Type: SEQUENCE SET; Schema: public; Owner: postgres
--

SELECT pg_catalog.setval('public.booking_payment_id_seq', 444, true);


--
-- Name: django_admin_log_id_seq; Type: SEQUENCE SET; Schema: public; Owner: postgres
--

SELECT pg_catalog.setval('public.django_admin_log_id_seq', 1354, true);


--
-- Name: django_content_type_id_seq; Type: SEQUENCE SET; Schema: public; Owner: postgres
--

SELECT pg_catalog.setval('public.django_content_type_id_seq', 31, true);


--
-- Name: django_migrations_id_seq; Type: SEQUENCE SET; Schema: public; Owner: postgres
--

SELECT pg_catalog.setval('public.django_migrations_id_seq', 98, true);


--
-- Name: home_video_id_seq; Type: SEQUENCE SET; Schema: public; Owner: postgres
--

SELECT pg_catalog.setval('public.home_video_id_seq', 3, true);


--
-- Name: oauth2_provider_accesstoken_id_seq; Type: SEQUENCE SET; Schema: public; Owner: postgres
--

SELECT pg_catalog.setval('public.oauth2_provider_accesstoken_id_seq', 533, true);


--
-- Name: oauth2_provider_application_id_seq; Type: SEQUENCE SET; Schema: public; Owner: postgres
--

SELECT pg_catalog.setval('public.oauth2_provider_application_id_seq', 6, true);


--
-- Name: oauth2_provider_grant_id_seq; Type: SEQUENCE SET; Schema: public; Owner: postgres
--

SELECT pg_catalog.setval('public.oauth2_provider_grant_id_seq', 1, false);


--
-- Name: oauth2_provider_idtoken_id_seq; Type: SEQUENCE SET; Schema: public; Owner: postgres
--

SELECT pg_catalog.setval('public.oauth2_provider_idtoken_id_seq', 1, false);


--
-- Name: oauth2_provider_refreshtoken_id_seq; Type: SEQUENCE SET; Schema: public; Owner: postgres
--

SELECT pg_catalog.setval('public.oauth2_provider_refreshtoken_id_seq', 533, true);


--
-- Name: packages_itinerary_id_seq; Type: SEQUENCE SET; Schema: public; Owner: postgres
--

SELECT pg_catalog.setval('public.packages_itinerary_id_seq', 14, true);


--
-- Name: packages_package_id_seq; Type: SEQUENCE SET; Schema: public; Owner: postgres
--

SELECT pg_catalog.setval('public.packages_package_id_seq', 18, true);


--
-- Name: packages_packageimage_id_seq; Type: SEQUENCE SET; Schema: public; Owner: postgres
--

SELECT pg_catalog.setval('public.packages_packageimage_id_seq', 44, true);


--
-- Name: packages_review_id_seq; Type: SEQUENCE SET; Schema: public; Owner: postgres
--

SELECT pg_catalog.setval('public.packages_review_id_seq', 35, true);


--
-- Name: packages_wishlist_id_seq; Type: SEQUENCE SET; Schema: public; Owner: postgres
--

SELECT pg_catalog.setval('public.packages_wishlist_id_seq', 2, true);


--
-- Name: packages_wishlist_packages_id_seq; Type: SEQUENCE SET; Schema: public; Owner: postgres
--

SELECT pg_catalog.setval('public.packages_wishlist_packages_id_seq', 75, true);


--
-- Name: social_auth_association_id_seq; Type: SEQUENCE SET; Schema: public; Owner: postgres
--

SELECT pg_catalog.setval('public.social_auth_association_id_seq', 1, false);


--
-- Name: social_auth_code_id_seq; Type: SEQUENCE SET; Schema: public; Owner: postgres
--

SELECT pg_catalog.setval('public.social_auth_code_id_seq', 1, false);


--
-- Name: social_auth_nonce_id_seq; Type: SEQUENCE SET; Schema: public; Owner: postgres
--

SELECT pg_catalog.setval('public.social_auth_nonce_id_seq', 1, false);


--
-- Name: social_auth_partial_id_seq; Type: SEQUENCE SET; Schema: public; Owner: postgres
--

SELECT pg_catalog.setval('public.social_auth_partial_id_seq', 1, false);


--
-- Name: social_auth_usersocialauth_id_seq; Type: SEQUENCE SET; Schema: public; Owner: postgres
--

SELECT pg_catalog.setval('public.social_auth_usersocialauth_id_seq', 19, true);


--
-- Name: users_account_groups_id_seq; Type: SEQUENCE SET; Schema: public; Owner: postgres
--

SELECT pg_catalog.setval('public.users_account_groups_id_seq', 1, false);


--
-- Name: users_account_id_seq; Type: SEQUENCE SET; Schema: public; Owner: postgres
--

SELECT pg_catalog.setval('public.users_account_id_seq', 60, true);


--
-- Name: users_account_user_permissions_id_seq; Type: SEQUENCE SET; Schema: public; Owner: postgres
--

SELECT pg_catalog.setval('public.users_account_user_permissions_id_seq', 1, false);


--
-- Name: utilities_contact_id_seq; Type: SEQUENCE SET; Schema: public; Owner: postgres
--

SELECT pg_catalog.setval('public.utilities_contact_id_seq', 4, true);


--
-- Name: utilities_coupon_id_seq; Type: SEQUENCE SET; Schema: public; Owner: postgres
--

SELECT pg_catalog.setval('public.utilities_coupon_id_seq', 7, true);


--
-- Name: utilities_couponassignment_id_seq; Type: SEQUENCE SET; Schema: public; Owner: postgres
--

SELECT pg_catalog.setval('public.utilities_couponassignment_id_seq', 62, true);


--
-- Name: utilities_enquiry_id_seq; Type: SEQUENCE SET; Schema: public; Owner: postgres
--

SELECT pg_catalog.setval('public.utilities_enquiry_id_seq', 55, true);


--
-- Name: utilities_testimonial_id_seq; Type: SEQUENCE SET; Schema: public; Owner: postgres
--

SELECT pg_catalog.setval('public.utilities_testimonial_id_seq', 5, true);


--
-- Name: auth_group auth_group_name_key; Type: CONSTRAINT; Schema: public; Owner: postgres
--

ALTER TABLE ONLY public.auth_group
    ADD CONSTRAINT auth_group_name_key UNIQUE (name);


--
-- Name: auth_group_permissions auth_group_permissions_group_id_permission_id_0cd325b0_uniq; Type: CONSTRAINT; Schema: public; Owner: postgres
--

ALTER TABLE ONLY public.auth_group_permissions
    ADD CONSTRAINT auth_group_permissions_group_id_permission_id_0cd325b0_uniq UNIQUE (group_id, permission_id);


--
-- Name: auth_group_permissions auth_group_permissions_pkey; Type: CONSTRAINT; Schema: public; Owner: postgres
--

ALTER TABLE ONLY public.auth_group_permissions
    ADD CONSTRAINT auth_group_permissions_pkey PRIMARY KEY (id);


--
-- Name: auth_group auth_group_pkey; Type: CONSTRAINT; Schema: public; Owner: postgres
--

ALTER TABLE ONLY public.auth_group
    ADD CONSTRAINT auth_group_pkey PRIMARY KEY (id);


--
-- Name: auth_permission auth_permission_content_type_id_codename_01ab375a_uniq; Type: CONSTRAINT; Schema: public; Owner: postgres
--

ALTER TABLE ONLY public.auth_permission
    ADD CONSTRAINT auth_permission_content_type_id_codename_01ab375a_uniq UNIQUE (content_type_id, codename);


--
-- Name: auth_permission auth_permission_pkey; Type: CONSTRAINT; Schema: public; Owner: postgres
--

ALTER TABLE ONLY public.auth_permission
    ADD CONSTRAINT auth_permission_pkey PRIMARY KEY (id);


--
-- Name: booking_booking booking_booking_booking_code_key; Type: CONSTRAINT; Schema: public; Owner: postgres
--

ALTER TABLE ONLY public.booking_booking
    ADD CONSTRAINT booking_booking_booking_code_key UNIQUE (booking_code);


--
-- Name: booking_booking booking_booking_pkey; Type: CONSTRAINT; Schema: public; Owner: postgres
--

ALTER TABLE ONLY public.booking_booking
    ADD CONSTRAINT booking_booking_pkey PRIMARY KEY (id);


--
-- Name: booking_payment booking_payment_pkey; Type: CONSTRAINT; Schema: public; Owner: postgres
--

ALTER TABLE ONLY public.booking_payment
    ADD CONSTRAINT booking_payment_pkey PRIMARY KEY (id);


--
-- Name: django_admin_log django_admin_log_pkey; Type: CONSTRAINT; Schema: public; Owner: postgres
--

ALTER TABLE ONLY public.django_admin_log
    ADD CONSTRAINT django_admin_log_pkey PRIMARY KEY (id);


--
-- Name: django_content_type django_content_type_app_label_model_76bd3d3b_uniq; Type: CONSTRAINT; Schema: public; Owner: postgres
--

ALTER TABLE ONLY public.django_content_type
    ADD CONSTRAINT django_content_type_app_label_model_76bd3d3b_uniq UNIQUE (app_label, model);


--
-- Name: django_content_type django_content_type_pkey; Type: CONSTRAINT; Schema: public; Owner: postgres
--

ALTER TABLE ONLY public.django_content_type
    ADD CONSTRAINT django_content_type_pkey PRIMARY KEY (id);


--
-- Name: django_migrations django_migrations_pkey; Type: CONSTRAINT; Schema: public; Owner: postgres
--

ALTER TABLE ONLY public.django_migrations
    ADD CONSTRAINT django_migrations_pkey PRIMARY KEY (id);


--
-- Name: django_session django_session_pkey; Type: CONSTRAINT; Schema: public; Owner: postgres
--

ALTER TABLE ONLY public.django_session
    ADD CONSTRAINT django_session_pkey PRIMARY KEY (session_key);


--
-- Name: home_video home_video_pkey; Type: CONSTRAINT; Schema: public; Owner: postgres
--

ALTER TABLE ONLY public.home_video
    ADD CONSTRAINT home_video_pkey PRIMARY KEY (id);


--
-- Name: oauth2_provider_accesstoken oauth2_provider_accesstoken_id_token_id_key; Type: CONSTRAINT; Schema: public; Owner: postgres
--

ALTER TABLE ONLY public.oauth2_provider_accesstoken
    ADD CONSTRAINT oauth2_provider_accesstoken_id_token_id_key UNIQUE (id_token_id);


--
-- Name: oauth2_provider_accesstoken oauth2_provider_accesstoken_pkey; Type: CONSTRAINT; Schema: public; Owner: postgres
--

ALTER TABLE ONLY public.oauth2_provider_accesstoken
    ADD CONSTRAINT oauth2_provider_accesstoken_pkey PRIMARY KEY (id);


--
-- Name: oauth2_provider_accesstoken oauth2_provider_accesstoken_source_refresh_token_id_key; Type: CONSTRAINT; Schema: public; Owner: postgres
--

ALTER TABLE ONLY public.oauth2_provider_accesstoken
    ADD CONSTRAINT oauth2_provider_accesstoken_source_refresh_token_id_key UNIQUE (source_refresh_token_id);


--
-- Name: oauth2_provider_accesstoken oauth2_provider_accesstoken_token_key; Type: CONSTRAINT; Schema: public; Owner: postgres
--

ALTER TABLE ONLY public.oauth2_provider_accesstoken
    ADD CONSTRAINT oauth2_provider_accesstoken_token_key UNIQUE (token);


--
-- Name: oauth2_provider_application oauth2_provider_application_client_id_key; Type: CONSTRAINT; Schema: public; Owner: postgres
--

ALTER TABLE ONLY public.oauth2_provider_application
    ADD CONSTRAINT oauth2_provider_application_client_id_key UNIQUE (client_id);


--
-- Name: oauth2_provider_application oauth2_provider_application_pkey; Type: CONSTRAINT; Schema: public; Owner: postgres
--

ALTER TABLE ONLY public.oauth2_provider_application
    ADD CONSTRAINT oauth2_provider_application_pkey PRIMARY KEY (id);


--
-- Name: oauth2_provider_grant oauth2_provider_grant_code_key; Type: CONSTRAINT; Schema: public; Owner: postgres
--

ALTER TABLE ONLY public.oauth2_provider_grant
    ADD CONSTRAINT oauth2_provider_grant_code_key UNIQUE (code);


--
-- Name: oauth2_provider_grant oauth2_provider_grant_pkey; Type: CONSTRAINT; Schema: public; Owner: postgres
--

ALTER TABLE ONLY public.oauth2_provider_grant
    ADD CONSTRAINT oauth2_provider_grant_pkey PRIMARY KEY (id);


--
-- Name: oauth2_provider_idtoken oauth2_provider_idtoken_jti_key; Type: CONSTRAINT; Schema: public; Owner: postgres
--

ALTER TABLE ONLY public.oauth2_provider_idtoken
    ADD CONSTRAINT oauth2_provider_idtoken_jti_key UNIQUE (jti);


--
-- Name: oauth2_provider_idtoken oauth2_provider_idtoken_pkey; Type: CONSTRAINT; Schema: public; Owner: postgres
--

ALTER TABLE ONLY public.oauth2_provider_idtoken
    ADD CONSTRAINT oauth2_provider_idtoken_pkey PRIMARY KEY (id);


--
-- Name: oauth2_provider_refreshtoken oauth2_provider_refreshtoken_access_token_id_key; Type: CONSTRAINT; Schema: public; Owner: postgres
--

ALTER TABLE ONLY public.oauth2_provider_refreshtoken
    ADD CONSTRAINT oauth2_provider_refreshtoken_access_token_id_key UNIQUE (access_token_id);


--
-- Name: oauth2_provider_refreshtoken oauth2_provider_refreshtoken_pkey; Type: CONSTRAINT; Schema: public; Owner: postgres
--

ALTER TABLE ONLY public.oauth2_provider_refreshtoken
    ADD CONSTRAINT oauth2_provider_refreshtoken_pkey PRIMARY KEY (id);


--
-- Name: oauth2_provider_refreshtoken oauth2_provider_refreshtoken_token_revoked_af8a5134_uniq; Type: CONSTRAINT; Schema: public; Owner: postgres
--

ALTER TABLE ONLY public.oauth2_provider_refreshtoken
    ADD CONSTRAINT oauth2_provider_refreshtoken_token_revoked_af8a5134_uniq UNIQUE (token, revoked);


--
-- Name: packages_itinerary packages_itinerary_pkey; Type: CONSTRAINT; Schema: public; Owner: postgres
--

ALTER TABLE ONLY public.packages_itinerary
    ADD CONSTRAINT packages_itinerary_pkey PRIMARY KEY (id);


--
-- Name: packages_package packages_package_pkey; Type: CONSTRAINT; Schema: public; Owner: postgres
--

ALTER TABLE ONLY public.packages_package
    ADD CONSTRAINT packages_package_pkey PRIMARY KEY (id);


--
-- Name: packages_packageimage packages_packageimage_pkey; Type: CONSTRAINT; Schema: public; Owner: postgres
--

ALTER TABLE ONLY public.packages_packageimage
    ADD CONSTRAINT packages_packageimage_pkey PRIMARY KEY (id);


--
-- Name: packages_review packages_review_pkey; Type: CONSTRAINT; Schema: public; Owner: postgres
--

ALTER TABLE ONLY public.packages_review
    ADD CONSTRAINT packages_review_pkey PRIMARY KEY (id);


--
-- Name: packages_wishlist_packages packages_wishlist_packages_pkey; Type: CONSTRAINT; Schema: public; Owner: postgres
--

ALTER TABLE ONLY public.packages_wishlist_packages
    ADD CONSTRAINT packages_wishlist_packages_pkey PRIMARY KEY (id);


--
-- Name: packages_wishlist_packages packages_wishlist_packages_wishlist_id_package_id_261dfef0_uniq; Type: CONSTRAINT; Schema: public; Owner: postgres
--

ALTER TABLE ONLY public.packages_wishlist_packages
    ADD CONSTRAINT packages_wishlist_packages_wishlist_id_package_id_261dfef0_uniq UNIQUE (wishlist_id, package_id);


--
-- Name: packages_wishlist packages_wishlist_pkey; Type: CONSTRAINT; Schema: public; Owner: postgres
--

ALTER TABLE ONLY public.packages_wishlist
    ADD CONSTRAINT packages_wishlist_pkey PRIMARY KEY (id);


--
-- Name: social_auth_association social_auth_association_pkey; Type: CONSTRAINT; Schema: public; Owner: postgres
--

ALTER TABLE ONLY public.social_auth_association
    ADD CONSTRAINT social_auth_association_pkey PRIMARY KEY (id);


--
-- Name: social_auth_association social_auth_association_server_url_handle_078befa2_uniq; Type: CONSTRAINT; Schema: public; Owner: postgres
--

ALTER TABLE ONLY public.social_auth_association
    ADD CONSTRAINT social_auth_association_server_url_handle_078befa2_uniq UNIQUE (server_url, handle);


--
-- Name: social_auth_code social_auth_code_email_code_801b2d02_uniq; Type: CONSTRAINT; Schema: public; Owner: postgres
--

ALTER TABLE ONLY public.social_auth_code
    ADD CONSTRAINT social_auth_code_email_code_801b2d02_uniq UNIQUE (email, code);


--
-- Name: social_auth_code social_auth_code_pkey; Type: CONSTRAINT; Schema: public; Owner: postgres
--

ALTER TABLE ONLY public.social_auth_code
    ADD CONSTRAINT social_auth_code_pkey PRIMARY KEY (id);


--
-- Name: social_auth_nonce social_auth_nonce_pkey; Type: CONSTRAINT; Schema: public; Owner: postgres
--

ALTER TABLE ONLY public.social_auth_nonce
    ADD CONSTRAINT social_auth_nonce_pkey PRIMARY KEY (id);


--
-- Name: social_auth_nonce social_auth_nonce_server_url_timestamp_salt_f6284463_uniq; Type: CONSTRAINT; Schema: public; Owner: postgres
--

ALTER TABLE ONLY public.social_auth_nonce
    ADD CONSTRAINT social_auth_nonce_server_url_timestamp_salt_f6284463_uniq UNIQUE (server_url, "timestamp", salt);


--
-- Name: social_auth_partial social_auth_partial_pkey; Type: CONSTRAINT; Schema: public; Owner: postgres
--

ALTER TABLE ONLY public.social_auth_partial
    ADD CONSTRAINT social_auth_partial_pkey PRIMARY KEY (id);


--
-- Name: social_auth_usersocialauth social_auth_usersocialauth_pkey; Type: CONSTRAINT; Schema: public; Owner: postgres
--

ALTER TABLE ONLY public.social_auth_usersocialauth
    ADD CONSTRAINT social_auth_usersocialauth_pkey PRIMARY KEY (id);


--
-- Name: social_auth_usersocialauth social_auth_usersocialauth_provider_uid_e6b5e668_uniq; Type: CONSTRAINT; Schema: public; Owner: postgres
--

ALTER TABLE ONLY public.social_auth_usersocialauth
    ADD CONSTRAINT social_auth_usersocialauth_provider_uid_e6b5e668_uniq UNIQUE (provider, uid);


--
-- Name: users_account users_account_email_key; Type: CONSTRAINT; Schema: public; Owner: postgres
--

ALTER TABLE ONLY public.users_account
    ADD CONSTRAINT users_account_email_key UNIQUE (email);


--
-- Name: users_account_groups users_account_groups_account_id_group_id_3f3306fc_uniq; Type: CONSTRAINT; Schema: public; Owner: postgres
--

ALTER TABLE ONLY public.users_account_groups
    ADD CONSTRAINT users_account_groups_account_id_group_id_3f3306fc_uniq UNIQUE (account_id, group_id);


--
-- Name: users_account_groups users_account_groups_pkey; Type: CONSTRAINT; Schema: public; Owner: postgres
--

ALTER TABLE ONLY public.users_account_groups
    ADD CONSTRAINT users_account_groups_pkey PRIMARY KEY (id);


--
-- Name: users_account users_account_pkey; Type: CONSTRAINT; Schema: public; Owner: postgres
--

ALTER TABLE ONLY public.users_account
    ADD CONSTRAINT users_account_pkey PRIMARY KEY (id);


--
-- Name: users_account_user_permissions users_account_user_permi_account_id_permission_id_6b1bed33_uniq; Type: CONSTRAINT; Schema: public; Owner: postgres
--

ALTER TABLE ONLY public.users_account_user_permissions
    ADD CONSTRAINT users_account_user_permi_account_id_permission_id_6b1bed33_uniq UNIQUE (account_id, permission_id);


--
-- Name: users_account_user_permissions users_account_user_permissions_pkey; Type: CONSTRAINT; Schema: public; Owner: postgres
--

ALTER TABLE ONLY public.users_account_user_permissions
    ADD CONSTRAINT users_account_user_permissions_pkey PRIMARY KEY (id);


--
-- Name: utilities_contact utilities_contact_pkey; Type: CONSTRAINT; Schema: public; Owner: postgres
--

ALTER TABLE ONLY public.utilities_contact
    ADD CONSTRAINT utilities_contact_pkey PRIMARY KEY (id);


--
-- Name: utilities_coupon utilities_coupon_code_key; Type: CONSTRAINT; Schema: public; Owner: postgres
--

ALTER TABLE ONLY public.utilities_coupon
    ADD CONSTRAINT utilities_coupon_code_key UNIQUE (code);


--
-- Name: utilities_coupon utilities_coupon_pkey; Type: CONSTRAINT; Schema: public; Owner: postgres
--

ALTER TABLE ONLY public.utilities_coupon
    ADD CONSTRAINT utilities_coupon_pkey PRIMARY KEY (id);


--
-- Name: utilities_couponassignment utilities_couponassignment_pkey; Type: CONSTRAINT; Schema: public; Owner: postgres
--

ALTER TABLE ONLY public.utilities_couponassignment
    ADD CONSTRAINT utilities_couponassignment_pkey PRIMARY KEY (id);


--
-- Name: utilities_enquiry utilities_enquiry_pkey; Type: CONSTRAINT; Schema: public; Owner: postgres
--

ALTER TABLE ONLY public.utilities_enquiry
    ADD CONSTRAINT utilities_enquiry_pkey PRIMARY KEY (id);


--
-- Name: utilities_testimonial utilities_testimonial_pkey; Type: CONSTRAINT; Schema: public; Owner: postgres
--

ALTER TABLE ONLY public.utilities_testimonial
    ADD CONSTRAINT utilities_testimonial_pkey PRIMARY KEY (id);


--
-- Name: auth_group_name_a6ea08ec_like; Type: INDEX; Schema: public; Owner: postgres
--

CREATE INDEX auth_group_name_a6ea08ec_like ON public.auth_group USING btree (name varchar_pattern_ops);


--
-- Name: auth_group_permissions_group_id_b120cbf9; Type: INDEX; Schema: public; Owner: postgres
--

CREATE INDEX auth_group_permissions_group_id_b120cbf9 ON public.auth_group_permissions USING btree (group_id);


--
-- Name: auth_group_permissions_permission_id_84c5c92e; Type: INDEX; Schema: public; Owner: postgres
--

CREATE INDEX auth_group_permissions_permission_id_84c5c92e ON public.auth_group_permissions USING btree (permission_id);


--
-- Name: auth_permission_content_type_id_2f476e4b; Type: INDEX; Schema: public; Owner: postgres
--

CREATE INDEX auth_permission_content_type_id_2f476e4b ON public.auth_permission USING btree (content_type_id);


--
-- Name: booking_booking_coupon_id_355393b7; Type: INDEX; Schema: public; Owner: postgres
--

CREATE INDEX booking_booking_coupon_id_355393b7 ON public.booking_booking USING btree (coupon_id);


--
-- Name: booking_booking_package_id_f00bf119; Type: INDEX; Schema: public; Owner: postgres
--

CREATE INDEX booking_booking_package_id_f00bf119 ON public.booking_booking USING btree (package_id);


--
-- Name: booking_booking_payment_id_c6f418e1; Type: INDEX; Schema: public; Owner: postgres
--

CREATE INDEX booking_booking_payment_id_c6f418e1 ON public.booking_booking USING btree (payment_id);


--
-- Name: booking_booking_user_id_e1eb6912; Type: INDEX; Schema: public; Owner: postgres
--

CREATE INDEX booking_booking_user_id_e1eb6912 ON public.booking_booking USING btree (user_id);


--
-- Name: booking_payment_user_id_2601713b; Type: INDEX; Schema: public; Owner: postgres
--

CREATE INDEX booking_payment_user_id_2601713b ON public.booking_payment USING btree (user_id);


--
-- Name: django_admin_log_content_type_id_c4bce8eb; Type: INDEX; Schema: public; Owner: postgres
--

CREATE INDEX django_admin_log_content_type_id_c4bce8eb ON public.django_admin_log USING btree (content_type_id);


--
-- Name: django_admin_log_user_id_c564eba6; Type: INDEX; Schema: public; Owner: postgres
--

CREATE INDEX django_admin_log_user_id_c564eba6 ON public.django_admin_log USING btree (user_id);


--
-- Name: django_session_expire_date_a5c62663; Type: INDEX; Schema: public; Owner: postgres
--

CREATE INDEX django_session_expire_date_a5c62663 ON public.django_session USING btree (expire_date);


--
-- Name: django_session_session_key_c0390e0f_like; Type: INDEX; Schema: public; Owner: postgres
--

CREATE INDEX django_session_session_key_c0390e0f_like ON public.django_session USING btree (session_key varchar_pattern_ops);


--
-- Name: oauth2_provider_accesstoken_application_id_b22886e1; Type: INDEX; Schema: public; Owner: postgres
--

CREATE INDEX oauth2_provider_accesstoken_application_id_b22886e1 ON public.oauth2_provider_accesstoken USING btree (application_id);


--
-- Name: oauth2_provider_accesstoken_token_8af090f8_like; Type: INDEX; Schema: public; Owner: postgres
--

CREATE INDEX oauth2_provider_accesstoken_token_8af090f8_like ON public.oauth2_provider_accesstoken USING btree (token varchar_pattern_ops);


--
-- Name: oauth2_provider_accesstoken_user_id_6e4c9a65; Type: INDEX; Schema: public; Owner: postgres
--

CREATE INDEX oauth2_provider_accesstoken_user_id_6e4c9a65 ON public.oauth2_provider_accesstoken USING btree (user_id);


--
-- Name: oauth2_provider_application_client_id_03f0cc84_like; Type: INDEX; Schema: public; Owner: postgres
--

CREATE INDEX oauth2_provider_application_client_id_03f0cc84_like ON public.oauth2_provider_application USING btree (client_id varchar_pattern_ops);


--
-- Name: oauth2_provider_application_client_secret_53133678; Type: INDEX; Schema: public; Owner: postgres
--

CREATE INDEX oauth2_provider_application_client_secret_53133678 ON public.oauth2_provider_application USING btree (client_secret);


--
-- Name: oauth2_provider_application_client_secret_53133678_like; Type: INDEX; Schema: public; Owner: postgres
--

CREATE INDEX oauth2_provider_application_client_secret_53133678_like ON public.oauth2_provider_application USING btree (client_secret varchar_pattern_ops);


--
-- Name: oauth2_provider_application_user_id_79829054; Type: INDEX; Schema: public; Owner: postgres
--

CREATE INDEX oauth2_provider_application_user_id_79829054 ON public.oauth2_provider_application USING btree (user_id);


--
-- Name: oauth2_provider_grant_application_id_81923564; Type: INDEX; Schema: public; Owner: postgres
--

CREATE INDEX oauth2_provider_grant_application_id_81923564 ON public.oauth2_provider_grant USING btree (application_id);


--
-- Name: oauth2_provider_grant_code_49ab4ddf_like; Type: INDEX; Schema: public; Owner: postgres
--

CREATE INDEX oauth2_provider_grant_code_49ab4ddf_like ON public.oauth2_provider_grant USING btree (code varchar_pattern_ops);


--
-- Name: oauth2_provider_grant_user_id_e8f62af8; Type: INDEX; Schema: public; Owner: postgres
--

CREATE INDEX oauth2_provider_grant_user_id_e8f62af8 ON public.oauth2_provider_grant USING btree (user_id);


--
-- Name: oauth2_provider_idtoken_application_id_08c5ff4f; Type: INDEX; Schema: public; Owner: postgres
--

CREATE INDEX oauth2_provider_idtoken_application_id_08c5ff4f ON public.oauth2_provider_idtoken USING btree (application_id);


--
-- Name: oauth2_provider_idtoken_user_id_dd512b59; Type: INDEX; Schema: public; Owner: postgres
--

CREATE INDEX oauth2_provider_idtoken_user_id_dd512b59 ON public.oauth2_provider_idtoken USING btree (user_id);


--
-- Name: oauth2_provider_refreshtoken_application_id_2d1c311b; Type: INDEX; Schema: public; Owner: postgres
--

CREATE INDEX oauth2_provider_refreshtoken_application_id_2d1c311b ON public.oauth2_provider_refreshtoken USING btree (application_id);


--
-- Name: oauth2_provider_refreshtoken_user_id_da837fce; Type: INDEX; Schema: public; Owner: postgres
--

CREATE INDEX oauth2_provider_refreshtoken_user_id_da837fce ON public.oauth2_provider_refreshtoken USING btree (user_id);


--
-- Name: packages_itinerary_package_id_60be5c3a; Type: INDEX; Schema: public; Owner: postgres
--

CREATE INDEX packages_itinerary_package_id_60be5c3a ON public.packages_itinerary USING btree (package_id);


--
-- Name: packages_packageimage_package_id_d6d4a11c; Type: INDEX; Schema: public; Owner: postgres
--

CREATE INDEX packages_packageimage_package_id_d6d4a11c ON public.packages_packageimage USING btree (package_id);


--
-- Name: packages_review_package_id_bfa401ea; Type: INDEX; Schema: public; Owner: postgres
--

CREATE INDEX packages_review_package_id_bfa401ea ON public.packages_review USING btree (package_id);


--
-- Name: packages_review_user_id_392a07d0; Type: INDEX; Schema: public; Owner: postgres
--

CREATE INDEX packages_review_user_id_392a07d0 ON public.packages_review USING btree (user_id);


--
-- Name: packages_wishlist_packages_package_id_7e53a096; Type: INDEX; Schema: public; Owner: postgres
--

CREATE INDEX packages_wishlist_packages_package_id_7e53a096 ON public.packages_wishlist_packages USING btree (package_id);


--
-- Name: packages_wishlist_packages_wishlist_id_6315c6b5; Type: INDEX; Schema: public; Owner: postgres
--

CREATE INDEX packages_wishlist_packages_wishlist_id_6315c6b5 ON public.packages_wishlist_packages USING btree (wishlist_id);


--
-- Name: packages_wishlist_user_id_4e5868d5; Type: INDEX; Schema: public; Owner: postgres
--

CREATE INDEX packages_wishlist_user_id_4e5868d5 ON public.packages_wishlist USING btree (user_id);


--
-- Name: social_auth_code_code_a2393167; Type: INDEX; Schema: public; Owner: postgres
--

CREATE INDEX social_auth_code_code_a2393167 ON public.social_auth_code USING btree (code);


--
-- Name: social_auth_code_code_a2393167_like; Type: INDEX; Schema: public; Owner: postgres
--

CREATE INDEX social_auth_code_code_a2393167_like ON public.social_auth_code USING btree (code varchar_pattern_ops);


--
-- Name: social_auth_code_timestamp_176b341f; Type: INDEX; Schema: public; Owner: postgres
--

CREATE INDEX social_auth_code_timestamp_176b341f ON public.social_auth_code USING btree ("timestamp");


--
-- Name: social_auth_partial_timestamp_50f2119f; Type: INDEX; Schema: public; Owner: postgres
--

CREATE INDEX social_auth_partial_timestamp_50f2119f ON public.social_auth_partial USING btree ("timestamp");


--
-- Name: social_auth_partial_token_3017fea3; Type: INDEX; Schema: public; Owner: postgres
--

CREATE INDEX social_auth_partial_token_3017fea3 ON public.social_auth_partial USING btree (token);


--
-- Name: social_auth_partial_token_3017fea3_like; Type: INDEX; Schema: public; Owner: postgres
--

CREATE INDEX social_auth_partial_token_3017fea3_like ON public.social_auth_partial USING btree (token varchar_pattern_ops);


--
-- Name: social_auth_usersocialauth_uid_796e51dc; Type: INDEX; Schema: public; Owner: postgres
--

CREATE INDEX social_auth_usersocialauth_uid_796e51dc ON public.social_auth_usersocialauth USING btree (uid);


--
-- Name: social_auth_usersocialauth_uid_796e51dc_like; Type: INDEX; Schema: public; Owner: postgres
--

CREATE INDEX social_auth_usersocialauth_uid_796e51dc_like ON public.social_auth_usersocialauth USING btree (uid varchar_pattern_ops);


--
-- Name: social_auth_usersocialauth_user_id_17d28448; Type: INDEX; Schema: public; Owner: postgres
--

CREATE INDEX social_auth_usersocialauth_user_id_17d28448 ON public.social_auth_usersocialauth USING btree (user_id);


--
-- Name: users_account_email_ac1c1254_like; Type: INDEX; Schema: public; Owner: postgres
--

CREATE INDEX users_account_email_ac1c1254_like ON public.users_account USING btree (email varchar_pattern_ops);


--
-- Name: users_account_groups_account_id_51cf8d20; Type: INDEX; Schema: public; Owner: postgres
--

CREATE INDEX users_account_groups_account_id_51cf8d20 ON public.users_account_groups USING btree (account_id);


--
-- Name: users_account_groups_group_id_4595c4cc; Type: INDEX; Schema: public; Owner: postgres
--

CREATE INDEX users_account_groups_group_id_4595c4cc ON public.users_account_groups USING btree (group_id);


--
-- Name: users_account_user_permissions_account_id_74db719a; Type: INDEX; Schema: public; Owner: postgres
--

CREATE INDEX users_account_user_permissions_account_id_74db719a ON public.users_account_user_permissions USING btree (account_id);


--
-- Name: users_account_user_permissions_permission_id_b8b3cc4a; Type: INDEX; Schema: public; Owner: postgres
--

CREATE INDEX users_account_user_permissions_permission_id_b8b3cc4a ON public.users_account_user_permissions USING btree (permission_id);


--
-- Name: utilities_coupon_code_1aa3a2c7_like; Type: INDEX; Schema: public; Owner: postgres
--

CREATE INDEX utilities_coupon_code_1aa3a2c7_like ON public.utilities_coupon USING btree (code varchar_pattern_ops);


--
-- Name: utilities_couponassignment_coupon_id_95a342a4; Type: INDEX; Schema: public; Owner: postgres
--

CREATE INDEX utilities_couponassignment_coupon_id_95a342a4 ON public.utilities_couponassignment USING btree (coupon_id);


--
-- Name: utilities_couponassignment_user_id_7bd58d0d; Type: INDEX; Schema: public; Owner: postgres
--

CREATE INDEX utilities_couponassignment_user_id_7bd58d0d ON public.utilities_couponassignment USING btree (user_id);


--
-- Name: auth_group_permissions auth_group_permissio_permission_id_84c5c92e_fk_auth_perm; Type: FK CONSTRAINT; Schema: public; Owner: postgres
--

ALTER TABLE ONLY public.auth_group_permissions
    ADD CONSTRAINT auth_group_permissio_permission_id_84c5c92e_fk_auth_perm FOREIGN KEY (permission_id) REFERENCES public.auth_permission(id) DEFERRABLE INITIALLY DEFERRED;


--
-- Name: auth_group_permissions auth_group_permissions_group_id_b120cbf9_fk_auth_group_id; Type: FK CONSTRAINT; Schema: public; Owner: postgres
--

ALTER TABLE ONLY public.auth_group_permissions
    ADD CONSTRAINT auth_group_permissions_group_id_b120cbf9_fk_auth_group_id FOREIGN KEY (group_id) REFERENCES public.auth_group(id) DEFERRABLE INITIALLY DEFERRED;


--
-- Name: auth_permission auth_permission_content_type_id_2f476e4b_fk_django_co; Type: FK CONSTRAINT; Schema: public; Owner: postgres
--

ALTER TABLE ONLY public.auth_permission
    ADD CONSTRAINT auth_permission_content_type_id_2f476e4b_fk_django_co FOREIGN KEY (content_type_id) REFERENCES public.django_content_type(id) DEFERRABLE INITIALLY DEFERRED;


--
-- Name: booking_booking booking_booking_coupon_id_355393b7_fk_utilities_coupon_id; Type: FK CONSTRAINT; Schema: public; Owner: postgres
--

ALTER TABLE ONLY public.booking_booking
    ADD CONSTRAINT booking_booking_coupon_id_355393b7_fk_utilities_coupon_id FOREIGN KEY (coupon_id) REFERENCES public.utilities_coupon(id) DEFERRABLE INITIALLY DEFERRED;


--
-- Name: booking_booking booking_booking_package_id_f00bf119_fk_packages_package_id; Type: FK CONSTRAINT; Schema: public; Owner: postgres
--

ALTER TABLE ONLY public.booking_booking
    ADD CONSTRAINT booking_booking_package_id_f00bf119_fk_packages_package_id FOREIGN KEY (package_id) REFERENCES public.packages_package(id) DEFERRABLE INITIALLY DEFERRED;


--
-- Name: booking_booking booking_booking_payment_id_c6f418e1_fk_booking_payment_id; Type: FK CONSTRAINT; Schema: public; Owner: postgres
--

ALTER TABLE ONLY public.booking_booking
    ADD CONSTRAINT booking_booking_payment_id_c6f418e1_fk_booking_payment_id FOREIGN KEY (payment_id) REFERENCES public.booking_payment(id) DEFERRABLE INITIALLY DEFERRED;


--
-- Name: booking_booking booking_booking_user_id_e1eb6912_fk_users_account_id; Type: FK CONSTRAINT; Schema: public; Owner: postgres
--

ALTER TABLE ONLY public.booking_booking
    ADD CONSTRAINT booking_booking_user_id_e1eb6912_fk_users_account_id FOREIGN KEY (user_id) REFERENCES public.users_account(id) DEFERRABLE INITIALLY DEFERRED;


--
-- Name: booking_payment booking_payment_user_id_2601713b_fk_users_account_id; Type: FK CONSTRAINT; Schema: public; Owner: postgres
--

ALTER TABLE ONLY public.booking_payment
    ADD CONSTRAINT booking_payment_user_id_2601713b_fk_users_account_id FOREIGN KEY (user_id) REFERENCES public.users_account(id) DEFERRABLE INITIALLY DEFERRED;


--
-- Name: django_admin_log django_admin_log_content_type_id_c4bce8eb_fk_django_co; Type: FK CONSTRAINT; Schema: public; Owner: postgres
--

ALTER TABLE ONLY public.django_admin_log
    ADD CONSTRAINT django_admin_log_content_type_id_c4bce8eb_fk_django_co FOREIGN KEY (content_type_id) REFERENCES public.django_content_type(id) DEFERRABLE INITIALLY DEFERRED;


--
-- Name: django_admin_log django_admin_log_user_id_c564eba6_fk_users_account_id; Type: FK CONSTRAINT; Schema: public; Owner: postgres
--

ALTER TABLE ONLY public.django_admin_log
    ADD CONSTRAINT django_admin_log_user_id_c564eba6_fk_users_account_id FOREIGN KEY (user_id) REFERENCES public.users_account(id) DEFERRABLE INITIALLY DEFERRED;


--
-- Name: oauth2_provider_accesstoken oauth2_provider_acce_application_id_b22886e1_fk_oauth2_pr; Type: FK CONSTRAINT; Schema: public; Owner: postgres
--

ALTER TABLE ONLY public.oauth2_provider_accesstoken
    ADD CONSTRAINT oauth2_provider_acce_application_id_b22886e1_fk_oauth2_pr FOREIGN KEY (application_id) REFERENCES public.oauth2_provider_application(id) DEFERRABLE INITIALLY DEFERRED;


--
-- Name: oauth2_provider_accesstoken oauth2_provider_acce_id_token_id_85db651b_fk_oauth2_pr; Type: FK CONSTRAINT; Schema: public; Owner: postgres
--

ALTER TABLE ONLY public.oauth2_provider_accesstoken
    ADD CONSTRAINT oauth2_provider_acce_id_token_id_85db651b_fk_oauth2_pr FOREIGN KEY (id_token_id) REFERENCES public.oauth2_provider_idtoken(id) DEFERRABLE INITIALLY DEFERRED;


--
-- Name: oauth2_provider_accesstoken oauth2_provider_acce_source_refresh_token_e66fbc72_fk_oauth2_pr; Type: FK CONSTRAINT; Schema: public; Owner: postgres
--

ALTER TABLE ONLY public.oauth2_provider_accesstoken
    ADD CONSTRAINT oauth2_provider_acce_source_refresh_token_e66fbc72_fk_oauth2_pr FOREIGN KEY (source_refresh_token_id) REFERENCES public.oauth2_provider_refreshtoken(id) DEFERRABLE INITIALLY DEFERRED;


--
-- Name: oauth2_provider_accesstoken oauth2_provider_acce_user_id_6e4c9a65_fk_users_acc; Type: FK CONSTRAINT; Schema: public; Owner: postgres
--

ALTER TABLE ONLY public.oauth2_provider_accesstoken
    ADD CONSTRAINT oauth2_provider_acce_user_id_6e4c9a65_fk_users_acc FOREIGN KEY (user_id) REFERENCES public.users_account(id) DEFERRABLE INITIALLY DEFERRED;


--
-- Name: oauth2_provider_application oauth2_provider_appl_user_id_79829054_fk_users_acc; Type: FK CONSTRAINT; Schema: public; Owner: postgres
--

ALTER TABLE ONLY public.oauth2_provider_application
    ADD CONSTRAINT oauth2_provider_appl_user_id_79829054_fk_users_acc FOREIGN KEY (user_id) REFERENCES public.users_account(id) DEFERRABLE INITIALLY DEFERRED;


--
-- Name: oauth2_provider_grant oauth2_provider_gran_application_id_81923564_fk_oauth2_pr; Type: FK CONSTRAINT; Schema: public; Owner: postgres
--

ALTER TABLE ONLY public.oauth2_provider_grant
    ADD CONSTRAINT oauth2_provider_gran_application_id_81923564_fk_oauth2_pr FOREIGN KEY (application_id) REFERENCES public.oauth2_provider_application(id) DEFERRABLE INITIALLY DEFERRED;


--
-- Name: oauth2_provider_grant oauth2_provider_grant_user_id_e8f62af8_fk_users_account_id; Type: FK CONSTRAINT; Schema: public; Owner: postgres
--

ALTER TABLE ONLY public.oauth2_provider_grant
    ADD CONSTRAINT oauth2_provider_grant_user_id_e8f62af8_fk_users_account_id FOREIGN KEY (user_id) REFERENCES public.users_account(id) DEFERRABLE INITIALLY DEFERRED;


--
-- Name: oauth2_provider_idtoken oauth2_provider_idto_application_id_08c5ff4f_fk_oauth2_pr; Type: FK CONSTRAINT; Schema: public; Owner: postgres
--

ALTER TABLE ONLY public.oauth2_provider_idtoken
    ADD CONSTRAINT oauth2_provider_idto_application_id_08c5ff4f_fk_oauth2_pr FOREIGN KEY (application_id) REFERENCES public.oauth2_provider_application(id) DEFERRABLE INITIALLY DEFERRED;


--
-- Name: oauth2_provider_idtoken oauth2_provider_idtoken_user_id_dd512b59_fk_users_account_id; Type: FK CONSTRAINT; Schema: public; Owner: postgres
--

ALTER TABLE ONLY public.oauth2_provider_idtoken
    ADD CONSTRAINT oauth2_provider_idtoken_user_id_dd512b59_fk_users_account_id FOREIGN KEY (user_id) REFERENCES public.users_account(id) DEFERRABLE INITIALLY DEFERRED;


--
-- Name: oauth2_provider_refreshtoken oauth2_provider_refr_access_token_id_775e84e8_fk_oauth2_pr; Type: FK CONSTRAINT; Schema: public; Owner: postgres
--

ALTER TABLE ONLY public.oauth2_provider_refreshtoken
    ADD CONSTRAINT oauth2_provider_refr_access_token_id_775e84e8_fk_oauth2_pr FOREIGN KEY (access_token_id) REFERENCES public.oauth2_provider_accesstoken(id) DEFERRABLE INITIALLY DEFERRED;


--
-- Name: oauth2_provider_refreshtoken oauth2_provider_refr_application_id_2d1c311b_fk_oauth2_pr; Type: FK CONSTRAINT; Schema: public; Owner: postgres
--

ALTER TABLE ONLY public.oauth2_provider_refreshtoken
    ADD CONSTRAINT oauth2_provider_refr_application_id_2d1c311b_fk_oauth2_pr FOREIGN KEY (application_id) REFERENCES public.oauth2_provider_application(id) DEFERRABLE INITIALLY DEFERRED;


--
-- Name: oauth2_provider_refreshtoken oauth2_provider_refr_user_id_da837fce_fk_users_acc; Type: FK CONSTRAINT; Schema: public; Owner: postgres
--

ALTER TABLE ONLY public.oauth2_provider_refreshtoken
    ADD CONSTRAINT oauth2_provider_refr_user_id_da837fce_fk_users_acc FOREIGN KEY (user_id) REFERENCES public.users_account(id) DEFERRABLE INITIALLY DEFERRED;


--
-- Name: packages_itinerary packages_itinerary_package_id_60be5c3a_fk_packages_package_id; Type: FK CONSTRAINT; Schema: public; Owner: postgres
--

ALTER TABLE ONLY public.packages_itinerary
    ADD CONSTRAINT packages_itinerary_package_id_60be5c3a_fk_packages_package_id FOREIGN KEY (package_id) REFERENCES public.packages_package(id) DEFERRABLE INITIALLY DEFERRED;


--
-- Name: packages_packageimage packages_packageimag_package_id_d6d4a11c_fk_packages_; Type: FK CONSTRAINT; Schema: public; Owner: postgres
--

ALTER TABLE ONLY public.packages_packageimage
    ADD CONSTRAINT packages_packageimag_package_id_d6d4a11c_fk_packages_ FOREIGN KEY (package_id) REFERENCES public.packages_package(id) DEFERRABLE INITIALLY DEFERRED;


--
-- Name: packages_review packages_review_package_id_bfa401ea_fk_packages_package_id; Type: FK CONSTRAINT; Schema: public; Owner: postgres
--

ALTER TABLE ONLY public.packages_review
    ADD CONSTRAINT packages_review_package_id_bfa401ea_fk_packages_package_id FOREIGN KEY (package_id) REFERENCES public.packages_package(id) DEFERRABLE INITIALLY DEFERRED;


--
-- Name: packages_review packages_review_user_id_392a07d0_fk_users_account_id; Type: FK CONSTRAINT; Schema: public; Owner: postgres
--

ALTER TABLE ONLY public.packages_review
    ADD CONSTRAINT packages_review_user_id_392a07d0_fk_users_account_id FOREIGN KEY (user_id) REFERENCES public.users_account(id) DEFERRABLE INITIALLY DEFERRED;


--
-- Name: packages_wishlist_packages packages_wishlist_pa_package_id_7e53a096_fk_packages_; Type: FK CONSTRAINT; Schema: public; Owner: postgres
--

ALTER TABLE ONLY public.packages_wishlist_packages
    ADD CONSTRAINT packages_wishlist_pa_package_id_7e53a096_fk_packages_ FOREIGN KEY (package_id) REFERENCES public.packages_package(id) DEFERRABLE INITIALLY DEFERRED;


--
-- Name: packages_wishlist_packages packages_wishlist_pa_wishlist_id_6315c6b5_fk_packages_; Type: FK CONSTRAINT; Schema: public; Owner: postgres
--

ALTER TABLE ONLY public.packages_wishlist_packages
    ADD CONSTRAINT packages_wishlist_pa_wishlist_id_6315c6b5_fk_packages_ FOREIGN KEY (wishlist_id) REFERENCES public.packages_wishlist(id) DEFERRABLE INITIALLY DEFERRED;


--
-- Name: packages_wishlist packages_wishlist_user_id_4e5868d5_fk_users_account_id; Type: FK CONSTRAINT; Schema: public; Owner: postgres
--

ALTER TABLE ONLY public.packages_wishlist
    ADD CONSTRAINT packages_wishlist_user_id_4e5868d5_fk_users_account_id FOREIGN KEY (user_id) REFERENCES public.users_account(id) DEFERRABLE INITIALLY DEFERRED;


--
-- Name: social_auth_usersocialauth social_auth_usersocialauth_user_id_17d28448_fk_users_account_id; Type: FK CONSTRAINT; Schema: public; Owner: postgres
--

ALTER TABLE ONLY public.social_auth_usersocialauth
    ADD CONSTRAINT social_auth_usersocialauth_user_id_17d28448_fk_users_account_id FOREIGN KEY (user_id) REFERENCES public.users_account(id) DEFERRABLE INITIALLY DEFERRED;


--
-- Name: users_account_groups users_account_groups_account_id_51cf8d20_fk_users_account_id; Type: FK CONSTRAINT; Schema: public; Owner: postgres
--

ALTER TABLE ONLY public.users_account_groups
    ADD CONSTRAINT users_account_groups_account_id_51cf8d20_fk_users_account_id FOREIGN KEY (account_id) REFERENCES public.users_account(id) DEFERRABLE INITIALLY DEFERRED;


--
-- Name: users_account_groups users_account_groups_group_id_4595c4cc_fk_auth_group_id; Type: FK CONSTRAINT; Schema: public; Owner: postgres
--

ALTER TABLE ONLY public.users_account_groups
    ADD CONSTRAINT users_account_groups_group_id_4595c4cc_fk_auth_group_id FOREIGN KEY (group_id) REFERENCES public.auth_group(id) DEFERRABLE INITIALLY DEFERRED;


--
-- Name: users_account_user_permissions users_account_user_p_account_id_74db719a_fk_users_acc; Type: FK CONSTRAINT; Schema: public; Owner: postgres
--

ALTER TABLE ONLY public.users_account_user_permissions
    ADD CONSTRAINT users_account_user_p_account_id_74db719a_fk_users_acc FOREIGN KEY (account_id) REFERENCES public.users_account(id) DEFERRABLE INITIALLY DEFERRED;


--
-- Name: users_account_user_permissions users_account_user_p_permission_id_b8b3cc4a_fk_auth_perm; Type: FK CONSTRAINT; Schema: public; Owner: postgres
--

ALTER TABLE ONLY public.users_account_user_permissions
    ADD CONSTRAINT users_account_user_p_permission_id_b8b3cc4a_fk_auth_perm FOREIGN KEY (permission_id) REFERENCES public.auth_permission(id) DEFERRABLE INITIALLY DEFERRED;


--
-- Name: utilities_couponassignment utilities_couponassi_coupon_id_95a342a4_fk_utilities; Type: FK CONSTRAINT; Schema: public; Owner: postgres
--

ALTER TABLE ONLY public.utilities_couponassignment
    ADD CONSTRAINT utilities_couponassi_coupon_id_95a342a4_fk_utilities FOREIGN KEY (coupon_id) REFERENCES public.utilities_coupon(id) DEFERRABLE INITIALLY DEFERRED;


--
-- Name: utilities_couponassignment utilities_couponassignment_user_id_7bd58d0d_fk_users_account_id; Type: FK CONSTRAINT; Schema: public; Owner: postgres
--

ALTER TABLE ONLY public.utilities_couponassignment
    ADD CONSTRAINT utilities_couponassignment_user_id_7bd58d0d_fk_users_account_id FOREIGN KEY (user_id) REFERENCES public.users_account(id) DEFERRABLE INITIALLY DEFERRED;


--
-- PostgreSQL database dump complete
--
